timestamp,temperature,cpu_usage,response_time,load
2026-03-21 12:21:30.720291,27.483570765056164,23.39860658072558,24.72682368674306,46.96649852617352
2026-03-21 13:04:45.314885,24.308678494144075,18.36542722675202,3.741256583819583,51.18220463978477
2026-03-21 13:47:59.909480,28.23844269050346,60.914419963490936,11.431801916276623,56.251947236028066
2026-03-21 14:31:14.504074,32.61514928204013,66.5180581189521,41.379064340503085,47.91776668925615
2026-03-21 15:14:29.098669,23.829233126383322,12.526891586051363,162.2450609425646,41.1201821734243
2026-03-21 15:57:43.693263,3.8293152152540983,5.0,84.87457425913128,53.7270901302755
2026-03-21 16:40:58.287858,32.896064077536955,14.157702692117793,71.88091009880625,47.57720870169587
2026-03-21 17:24:12.882453,28.837173645764544,53.30370682408564,34.74162570366474,44.93105578865881
2026-03-21 18:07:27.477047,22.65262807032524,66.72484155607332,268.4632343586216,47.882891429955556
2026-03-21 18:50:42.071642,27.712800217929825,79.67752989968685,50.58630265746683,50.207061926011484
2026-03-21 19:33:56.666236,22.682911535937688,67.12695457059422,9.112101011657558,48.2308569791119
2026-03-21 20:17:11.260831,22.671351232148716,74.13824664558335,95.9893976209954,40.351443094231186
2026-03-21 21:00:25.855426,26.20981135783017,37.15601540342448,12.085594487066292,55.98907920257503
2026-03-21 21:43:40.450020,15.43359877671101,75.18600909972098,42.34607774232656,58.00236032804455
2026-03-21 22:26:55.044615,16.375410837434835,16.409187710774013,70.80820297197461,55.00957438921622
2026-03-21 23:10:09.639209,22.188562353795135,81.58533248484221,207.32410022989166,46.187238181634285
2026-03-21 23:53:24.233804,19.93584439832788,53.8073900922989,68.0322924655953,50.99161418251045
2026-03-22 00:36:38.828399,26.571236662976368,75.3838215969995,121.15305120925102,52.08955428567779
2026-03-22 01:19:53.422993,20.459879622393945,46.18546276146401,493.60157419781103,55.23888603418528
2026-03-22 02:03:08.017588,17.938481493323543,61.486215615721996,14.097516591598156,55.709014546507206
2026-03-22 02:46:22.612182,32.32824384460777,52.11221287488905,32.12133830469017,48.81846655077644
2026-03-22 03:29:37.206777,23.871118497567323,68.52716174042655,50.18263648364749,53.02094288618868
2026-03-22 04:12:51.801372,25.33764102343962,16.530398562447168,54.7884185521464,55.01858355916087
2026-03-22 04:56:06.395966,17.87625906893272,14.828166719245104,52.93648774062828,60.13207727147433
2026-03-22 05:39:20.990561,22.278086377374088,29.768258720811716,238.17473827119144,56.495831065795336
2026-03-22 06:22:35.585155,25.55461294854933,22.763574409055067,125.18776161694254,57.03844405076628
2026-03-22 07:05:50.179750,19.245032112888488,79.74268532737614,93.62516676317526,53.63166657648824
2026-03-22 07:49:04.774345,26.87849009172836,27.537118988643545,37.01549898293989,60.383693673438096
2026-03-22 08:32:19.368939,21.996806550405974,88.0692204655305,173.60809938777112,55.49854931774339
2026-03-22 09:15:33.963534,23.541531251033618,36.951663341688544,310.2438393798156,49.262087333274465
2026-03-22 09:58:48.558128,21.991466938853016,24.569433255095944,172.14778108650663,60.70160379872845
2026-03-22 10:42:03.152723,34.26139092254469,73.17588057139832,0.15663312480417482,57.29091434393111
2026-03-22 11:25:17.747318,24.93251387631033,62.69662204007009,101.17046850671213,51.70222042156156
2026-03-22 12:08:32.341912,19.711445355220498,49.85565731625112,5.248914749504456,51.6353983878436
2026-03-22 12:51:46.936507,29.112724560515943,54.4290840750105,29.787682322247566,55.63052553675788
2026-03-22 13:35:01.531101,18.895781750144888,67.53614226178111,6.136989358196631,56.57770010006227
2026-03-22 14:18:16.125696,26.044317975023777,28.276379306503898,92.5824668128792,55.361691432725074
2026-03-22 15:01:30.720291,15.201649380601122,89.70671328453935,116.02427654447605,56.044535169219046
2026-03-22 15:44:45.314885,18.359069755507846,87.98345297174265,12.1588861456813,63.09983024686801
2026-03-22 16:27:59.909480,25.984306179345616,62.026054907754954,48.424679614936046,60.06908285200461
2026-03-22 17:11:14.504074,28.692332899977053,25.963396074331612,60.924088577078926,55.7751232943456
2026-03-22 17:54:29.098669,25.85684140594985,64.41825939450331,46.053344811873934,59.63831352283216
2026-03-22 18:37:43.693263,24.421758588058797,15.775872718334067,12.899882366411731,49.87817604027555
2026-03-22 19:20:58.287858,23.494481522053555,12.452200176464485,54.291466418388076,57.138668152142166
2026-03-22 20:04:12.882453,17.607390048162863,30.614631080897095,139.1017689728074,64.30298727497876
2026-03-22 20:47:27.477047,21.400778958026457,47.009836539145304,7.365479050723611,54.272816955411955
2026-03-22 21:30:42.071642,22.696806145201062,79.46180043267044,8.357729556475979,51.230619111840845
2026-03-22 22:13:56.666236,30.285611131094576,68.17352558130465,43.815043873643035,52.31322131965112
2026-03-22 22:57:11.260831,26.71809144784231,69.41652169599848,284.25943055278407,50.22949567423514
2026-03-22 23:40:25.855426,16.18479922318633,44.03946675584603,110.43466388409175,51.85694805436519
2026-03-23 00:23:40.450020,26.620419846973974,37.674799403757035,113.52865116996828,54.0303991590579
2026-03-23 01:06:55.044615,23.074588597918417,39.683101038768214,44.92915972898056,48.95635576801606
2026-03-23 01:50:09.639209,21.615389998470206,89.01196509888463,90.05669785734462,56.16258687969018
2026-03-23 02:33:24.233804,28.05838144420434,13.208735312998598,1.0182853752543086,60.69522268809539
2026-03-23 03:16:38.828399,30.154997612479754,79.36251968979589,101.08653099260425,51.74341907222182
2026-03-23 03:59:53.422993,29.656400595580994,56.29403268579147,244.51508595398127,63.97598872573996
2026-03-23 04:43:08.017588,20.803912383886807,45.08923353516724,94.82290438928432,59.02988925901191
2026-03-23 05:26:22.612182,23.453938120743928,68.02061283321092,206.90841132375434,61.72416678081217
2026-03-23 06:09:37.206777,26.65631715701782,48.93351531397623,128.72567929071607,53.37638636256303
2026-03-23 06:52:51.801372,9.877725635611796,95.0,12.846813702599706,61.031425868959865
2026-03-23 07:36:06.395966,22.60412881077355,82.05614912090068,232.7424115981774,51.391301402861245
2026-03-23 08:19:20.990561,44.07170511668092,5.0,6.87541617901371,61.39329556558977
2026-03-23 09:02:35.585155,19.46832512996986,32.14622377880413,76.34998458928469,57.891243489774496
2026-03-23 09:45:50.179750,19.018966879596647,57.388026287468975,15.33110102075156,59.88717895423417
2026-03-23 10:29:04.774345,29.062629111970992,82.98906764933528,1.1775672614482025,51.33069916112159
2026-03-23 11:12:19.368939,31.781200142854114,26.852975120453326,54.82406856437376,52.819931699838854
2026-03-23 11:55:33.963534,24.63994939209833,59.83732668507862,34.961521919037764,60.36687640759031
2026-03-23 12:38:48.558128,30.01766448946012,60.524817607401644,66.55329742231592,52.72328186215952
2026-03-23 13:22:03.152723,26.80818012523817,68.64904179322248,86.08557570924074,59.864158736103604
2026-03-23 14:05:17.747318,21.77440122697438,20.525414810180784,4.472446625591256,50.79434931141404
2026-03-23 14:48:32.341912,26.80697802754207,67.26599717456708,13.125204388468148,61.951613190320586
2026-03-23 15:31:46.936507,32.690182832329846,82.72260165325127,81.78998397282467,51.62760928199236
2026-03-23 16:15:01.531101,24.820869804450243,24.374648709619358,42.03260161910579,60.62997664211351
2026-03-23 16:58:16.125696,32.82321827907003,29.00346599391021,130.62768385614584,61.07363770735444
2026-03-23 17:41:30.720291,11.901274479551278,87.71160752333117,105.63912212517101,54.537372835402564
2026-03-23 18:24:45.314885,29.10951252187612,24.47815621675918,186.8236899497368,61.00584446883107
2026-03-23 19:07:59.909480,25.435235341190857,78.35080746956633,117.92568641026975,59.47112168859683
2026-03-23 19:51:14.504074,23.504963247670663,49.38222851584278,56.199800860400615,55.54660728006995
2026-03-23 20:34:29.098669,25.45880388267751,29.778485952254165,111.76930411056149,53.268645402775896
2026-03-23 21:17:43.693263,15.062155426995536,79.65999210180091,32.21095199801292,48.56757752868937
2026-03-23 22:00:58.287858,23.90164056081244,45.62442040021324,36.573514788099445,60.19691732605665
2026-03-23 22:44:12.882453,26.78556285755873,51.18538831437522,155.58268158503174,50.69127752052284
2026-03-23 23:27:27.477047,32.38947022370758,38.73866955198125,59.13481289156752,59.05728930576342
2026-03-24 00:10:42.071642,22.40864890863176,57.436068114794196,160.13722302693466,57.327246474187405
2026-03-24 00:53:56.666236,20.95753198553406,23.08190980680182,172.83474342218727,62.10275287884225
2026-03-24 01:37:11.260831,22.491214782077318,41.286522932140855,194.88508322579455,57.257985254882215
2026-03-24 02:20:25.855426,29.57701058851037,87.552985786823,248.4529550993177,57.180760195510736
2026-03-24 03:03:40.450020,26.643755548298422,30.650674616090203,56.38488706998093,62.54574218796503
2026-03-24 03:46:55.044615,22.351198981164806,62.538933163303376,38.399742414314716,60.61866227673086
2026-03-24 04:30:09.639209,27.56633716556678,36.01520513797559,87.27494298500832,60.57972029114707
2026-03-24 05:13:24.233804,25.4853877467402,71.87785005492805,46.389818297259,61.399422944868604
2026-03-24 05:56:38.828399,29.843224952664446,20.469892857467986,91.89797610752633,51.42793641988482
2026-03-24 06:39:53.422993,21.489734530613237,87.58568360628358,122.2767872369461,62.941011684936605
2026-03-24 07:23:08.017588,23.361689267011158,46.30316331069114,116.60510706740872,62.26923460059665
2026-03-24 08:06:22.612182,23.039459234339212,28.884037067717117,46.928850424077986,54.171840546334295
2026-03-24 08:49:37.206777,17.682425259339407,15.879739786401013,18.255382580481637,58.08175493991504
2026-03-24 09:32:51.801372,26.48060138532288,23.580632407003257,56.304801359786104,59.151050128533356
2026-03-24 10:16:06.395966,26.305276360899448,51.58191588448141,15.384389498610052,58.71905285418901
2026-03-24 10:59:20.990561,25.025567283212304,36.9602541145029,220.81574405370668,61.10330081555849
2026-03-24 11:42:35.585155,23.827064333124266,76.31066927060876,42.446057617394004,66.63180637636022
2026-03-24 12:25:50.179750,17.92314628974793,44.47100189294447,16.77795035251999,64.92327838519591
2026-03-24 13:09:04.774345,22.896773386173205,29.897141807010392,2.5777154396676663,52.99131560882584
2026-03-24 13:52:19.368939,23.286427417366152,59.371598928322406,103.79567580206073,62.69921689877675
2026-03-24 14:35:33.963534,20.988613653891903,66.54217735083566,101.30833829968199,66.26847169004338
2026-03-24 15:18:48.558128,24.193571441669953,23.363352632075987,41.64312671107416,61.59126308659956
2026-03-24 16:02:03.152723,27.020254284072692,23.409537303065413,7.441312977627453,65.14400995829132
2026-03-24 16:45:17.747318,34.43092950605265,12.933714154683438,52.700394811174625,69.78081432302616
2026-03-24 17:28:32.341912,25.872889064159196,68.91216120525124,37.28297255282833,64.86682619728025
2026-03-24 18:11:46.936507,46.28775195361382,5.0,113.04765231587015,61.0220953676855
2026-03-24 18:55:01.531101,24.627770421169163,47.97047005998511,93.08442460058356,65.02672191764553
2026-03-24 19:38:16.125696,15.406143923504793,77.53363591753578,45.34906865588918,60.54989503471073
2026-03-24 20:21:30.720291,24.867430622753915,74.45361223600426,24.576314922424828,59.96759274654686
2026-03-24 21:04:45.314885,25.301151049705133,56.82834915174017,442.585030936453,58.112069771962936
2026-03-24 21:47:59.909480,37.316210562426434,79.4617024410607,60.51392724652938,67.7057095917949
2026-03-24 22:31:14.504074,24.038195176094387,26.467296802941462,116.56314385193247,55.814436655984316
2026-03-24 23:14:29.098669,26.507736711668063,18.95356955181823,15.146608209468255,67.58478829993871
2026-03-24 23:57:43.693263,24.826441151473784,31.579968921359168,66.47340822689206,62.4370698987561
2026-03-25 00:40:58.287858,19.15660981190234,14.566948487145188,2.7922962422925313,52.95444558049295
2026-03-25 01:24:12.882453,30.714114072575104,52.49356224008256,70.4117369470702,61.800875571942655
2026-03-25 02:07:27.477047,28.759665163433873,84.92845538359691,332.47199885121483,49.472572855470204
2026-03-25 02:50:42.071642,28.955159735215233,13.147483253480772,48.4843944794742,63.108743804536644
2026-03-25 03:33:56.666236,20.453062726026303,19.768793120802144,3.9776720774783136,64.41428015721765
2026-03-25 04:17:11.260831,32.013971554680495,46.175922262674824,3.1445044725836535,57.03168158635954
2026-03-25 05:00:25.855426,17.990744686038596,84.7100014022324,49.100136263008146,60.6149572224818
2026-03-25 05:43:40.450020,27.934285469001352,35.29248839814004,17.438307385113085,69.77018145075436
2026-03-25 06:26:55.044615,35.952278129049894,50.57878469507139,2.3629077081200562,57.47125411697629
2026-03-25 07:10:09.639209,20.04731837434656,13.325828724031368,141.14629041429106,54.70446078238449
2026-03-25 07:53:24.233804,22.16851135198614,21.86745607696711,61.34547044538154,67.4047446889353
2026-03-25 08:36:38.828399,25.498256825438204,88.93040983670775,34.14271728293356,69.80521087461477
2026-03-25 09:19:53.422993,22.482621729419005,87.20949571488364,230.34172693215433,60.0050194700038
2026-03-25 10:03:08.017588,17.246682844669337,10.39519847475277,12.34554234978653,65.03654232732421
2026-03-25 10:46:22.612182,25.342814874030136,86.14494283385912,312.17225481409747,66.6777137754413
2026-03-25 11:29:37.206777,19.688481431369475,61.12959502524003,37.68291354905263,56.247442497699126
2026-03-25 12:12:51.801372,27.36796215317591,79.43346356160177,219.2867135568108,57.52128801798651
2026-03-25 12:56:06.395966,20.402878828830985,46.379188450708725,92.36751206847723,66.08856927295177
2026-03-25 13:39:20.990561,32.7496720250877,51.24768228634002,175.2773551376384,68.34407574613132
2026-03-25 14:22:35.585155,21.083733538318814,49.10772642055362,413.59895960002825,62.716646835783756
2026-03-25 15:05:50.179750,23.38969241897162,63.34914060368835,34.024696489861164,55.484842138824455
2026-03-25 15:49:04.774345,29.067586086848348,21.172100380505032,324.7673665959655,69.79932692545435
2026-03-25 16:32:19.368939,18.845678417830225,12.397887189814236,49.34473296916219,57.18771357527387
2026-03-25 17:15:33.963534,6.137299673020646,5.0,48.69657232099602,58.143868487117814
2026-03-25 17:58:48.558128,31.53571377141214,66.37446101893174,41.61021376304796,61.506682166259274
2026-03-25 18:42:03.152723,16.96258382719386,26.148276169835867,77.95934968938802,67.5396808571888
2026-03-25 19:25:17.747318,25.92316929266152,63.874594665993385,16.74073799118866,64.01109868714848
2026-03-25 20:08:32.341912,26.299413971242117,87.59296368858163,80.67896422915673,61.78634502451331
2026-03-25 20:51:46.936507,28.90911435888655,17.512057263153473,78.02417880895128,61.99772217961172
2026-03-25 21:35:01.531101,18.81524644560959,63.8081694580101,143.50721383064956,59.866583030164726
2026-03-25 22:18:16.125696,18.397716934578618,45.50001754436569,179.36610477084534,62.405910675063794
2026-03-25 23:01:30.720291,27.60970782808449,79.45138035020042,58.06069315450655,46.932094734683375
2026-03-25 23:44:45.314885,26.48492336616593,24.171983155790873,36.001372482894666,58.0600240419385
2026-03-26 00:27:59.909480,26.252464251729382,65.41007617809316,30.02067090421373,60.71132724758502
2026-03-26 01:11:14.504074,26.732241047484877,77.04922317184882,21.644582711012188,53.70979947925099
2026-03-26 01:54:29.098669,41.59987639210755,5.0,5.93759578083808,61.35514120440098
2026-03-26 02:37:43.693263,26.161268485805017,64.65984226317167,41.923139841698976,58.358332164031054
2026-03-26 03:20:58.287858,26.465362366493405,49.773981120674186,31.505010670516896,68.11374612768591
2026-03-26 04:04:12.882453,1.4282429098681604,5.0,339.37467824296607,67.1556683556179
2026-03-26 04:47:27.477047,34.328872555723784,79.51239875829745,81.57868496541154,56.91427395018227
2026-03-26 05:30:42.071642,27.36916460455894,55.64877973110637,42.66024955171008,58.44038275606857
2026-03-26 06:13:56.666236,19.043482513986756,12.430964775746949,86.86145236225727,58.7746481664097
2026-03-26 06:57:11.260831,8.282768043169149,5.0,14.988925750214477,56.83445639734077
2026-03-26 07:40:25.855426,20.126591648863393,65.1621400825249,58.70656734429029,60.0148077547608
2026-03-26 08:23:40.450020,28.93542301871226,64.12107086217972,98.41262057820113,55.19377121676072
2026-03-26 09:06:55.044615,30.79297789503702,27.254012191817374,67.11857709794751,53.276181906808056
2026-03-26 09:50:09.639209,20.89658840824145,62.71083761861257,51.3794694855752,61.98547886358739
2026-03-26 10:33:24.233804,29.81688064622161,41.50915245233268,509.10412639424607,61.960831042207126
2026-03-26 11:16:38.828399,27.06390463468249,62.098638163319364,212.28900002467967,54.731470208478164
2026-03-26 11:59:53.422993,29.11030079997245,18.527442424639258,97.65874838068078,63.168307069832984
2026-03-26 12:43:08.017588,34.48396491326974,62.627624368242884,84.25231203811369,55.47074693703265
2026-03-26 13:26:22.612182,23.773059419985646,89.95309806165332,96.93236433199543,59.830202149123366
2026-03-26 14:09:37.206777,21.23131917821255,13.856963108844482,22.478503258578506,62.60048127496915
2026-03-26 14:52:51.801372,20.552427851872384,88.17393473770538,50.27545216901969,58.263738900343654
2026-03-26 15:36:06.395966,20.920948575172808,42.55263685782965,4.025916636576021,60.63721265036344
2026-03-26 16:19:20.990561,24.614491452929478,79.66027602698074,64.53976290435796,55.71174289581297
2026-03-26 17:02:35.585155,26.70575987408322,72.59083872466188,78.31256837529746,57.24062889884761
2026-03-26 17:45:50.179750,26.383453996650097,55.36130087893342,25.84466054589457,57.12143426046092
2026-03-26 18:29:04.774345,29.13591624518012,69.07593674010613,332.50379718997766,54.34431960803688
2026-03-26 19:12:19.368939,25.065009459389536,80.28124490410784,240.1904017398643,57.11854241096141
2026-03-26 19:55:33.963534,32.26767038578659,42.331225732082636,128.06495335237952,50.18325741309812
2026-03-26 20:38:48.558128,23.67671583381022,36.16265292505909,76.22542630659325,55.393261683153526
2026-03-26 21:22:03.152723,38.600845832948096,63.40747084508678,203.99836231826205,56.346092527974534
2026-03-26 22:05:17.747318,28.12833673882503,74.62767535530068,14.001216907623093,56.409781303266264
2026-03-26 22:48:32.341912,20.714212217918586,70.98281078212926,156.3078291428235,56.402186027262786
2026-03-26 23:31:46.936507,19.64553750969444,73.82509190869075,13.332662955202384,57.21864138567891
2026-03-27 00:15:01.531101,27.412362076215928,44.84666518503464,158.09022671741687,59.84126804931451
2026-03-27 00:58:16.125696,23.882686073370746,75.42673729400173,32.26428997913426,61.73206604550365
2026-03-27 01:41:30.720291,8.570002470460459,95.0,209.63076259504493,54.024910281489156
2026-03-27 02:24:45.314885,27.366188122867726,53.559127836867965,288.3155546350164,51.17083697173966
2026-03-27 03:07:59.909480,24.635855436715637,10.460692839849726,16.110342521460957,51.88858686172877
2026-03-27 03:51:14.504074,20.766031409657977,35.96686639202162,62.11532794591166,54.573638761701346
2026-03-27 04:34:29.098669,17.425763876570677,39.31692278971183,396.2652213142971,55.159782100692915
2026-03-27 05:17:43.693263,22.767425239664895,41.69381532874043,66.05007924873811,52.978048840644604
2026-03-27 06:00:58.287858,29.28199397161736,65.63737653518898,199.17788752652126,50.25500594761918
2026-03-27 06:44:12.882453,26.07046872065102,41.08464810162766,88.85090469242499,54.3614794706852
2026-03-27 07:27:27.477047,18.771306106440058,45.895489809802456,47.05316212803642,57.45466008496721
2026-03-27 08:10:42.071642,25.86590462925591,29.0035304699462,33.65692190600759,59.42708168856476
2026-03-27 08:53:56.666236,46.92658689864419,5.0,22.718055290838638,53.56820559290224
2026-03-27 09:37:11.260831,20.580712818994336,28.181570181052116,143.46370292169556,54.19271265780089
2026-03-27 10:20:25.855426,25.76862552972764,15.855673901475491,48.86410428023759,51.52560099143524
2026-03-27 11:03:40.450020,25.29104359223,58.275887470510234,71.5956265614062,55.9023129107616
2026-03-27 11:46:55.044615,19.285148510846884,63.4570238844013,67.7914745408909,51.716823035384905
2026-03-27 12:30:09.639209,26.788936801741418,59.55922768076916,86.104296117355,58.723119841624396
2026-03-27 13:13:24.233804,27.80392263184117,47.07952350404579,200.6764817913147,46.82573606802835
2026-03-27 13:56:38.828399,30.415256215876383,40.38286241433838,394.96907913356824,53.85359730539162
2026-03-27 14:39:53.422993,30.269010260174515,79.06669196574602,52.35465402486669,57.053065239799885
2026-03-27 15:23:08.017588,18.111653160214544,51.526542810897446,175.74677418973533,56.36160622792831
2026-03-27 16:06:22.612182,20.310874800424386,48.33455021037848,144.61623965025862,68.80164592392372
2026-03-27 16:49:37.206777,27.5751763360433,12.051365264514855,85.22107958446628,56.97867730499757
2026-03-27 17:32:51.801372,27.568929754561044,37.299826210092505,312.46376651979347,50.101776295321095
2026-03-27 18:16:06.395966,27.575238431530238,40.41564950286856,22.373687170445013,54.5362896904307
2026-03-27 18:59:20.990561,44.26365745327361,41.90582247175204,11.57074278197645,46.023147611831945
2026-03-27 19:42:35.585155,27.854452553465833,56.413789538186585,192.3888190892786,54.3913728764043
2026-03-27 20:25:50.179750,30.677828200902994,52.68820373815028,57.83014619474764,50.51832507832281
2026-03-27 21:09:04.774345,9.770008817466014,95.0,187.7113811032593,59.14904940459161
2026-03-27 21:52:19.368939,28.25695625652899,71.19066092337026,223.5769839287117,51.71216588387309
2026-03-27 22:35:33.963534,23.42365377679827,75.03885909728749,6.44932886875834,53.76310123256773
2026-03-27 23:18:48.558128,28.794846102466337,67.44984609811955,214.9561588070323,51.05551735354333
2026-03-28 00:02:03.152723,21.13587392731214,86.44189567639478,59.478539866842475,62.813269241706585
2026-03-28 00:45:17.747318,23.815906966299956,11.45860661410893,71.42329082461058,52.39785283108848
2026-03-28 01:28:32.341912,22.573182260854484,25.662238854683686,98.50849920853021,63.05127250330988
2026-03-28 02:11:46.936507,25.409370696931614,10.60502999825137,260.8873959564776,57.84305145361904
2026-03-28 02:55:01.531101,36.573292833367546,61.79797713236824,1.9301169365585842,56.06583475492913
2026-03-28 03:38:16.125696,15.66367403704126,81.84244391599896,64.78745639378232,55.381796927850985
2026-03-28 04:21:30.720291,28.43130095187257,29.478583726103942,116.38615981336584,55.389187924337946
2026-03-28 05:04:45.314885,16.936420644051744,84.16276358370453,128.26804175451045,43.66336760728032
2026-03-28 05:47:59.909480,22.640340671052833,14.821391223164868,117.9385665711108,51.78832017816931
2026-03-28 06:31:14.504074,30.444752984836832,84.75488214444114,14.437295559530932,57.28903005198944
2026-03-28 07:14:29.098669,5.3214000954773155,5.0,35.581187130977405,52.698772635822294
2026-03-28 07:57:43.693263,19.61127611035347,18.11366627593732,44.42821224093347,45.79686197072185
2026-03-28 08:40:58.287858,21.42348145370016,48.86974073490605,163.18737627865215,52.43989495595047
2026-03-28 09:24:12.882453,28.39798874467338,30.542125417640634,32.6783149176632,61.10112327556596
2026-03-28 10:07:27.477047,21.34816684141432,32.78983215695383,23.661509123624853,58.693324435212105
2026-03-28 10:50:42.071642,26.082292947909874,34.58319719410292,315.70288689500086,52.026726912812364
2026-03-28 11:33:56.666236,25.22785919951907,74.24207182661307,0.8902797672285236,56.97150470850603
2026-03-28 12:17:11.260831,21.741998261970913,53.132902134020355,612.8822993904087,50.25888422753542
2026-03-28 13:00:25.855426,55.719720446626624,5.0,112.95498544367533,43.44889148054346
2026-03-28 13:43:40.450020,28.169595111590056,58.826702664873466,176.299301643837,47.22243812738715
2026-03-28 14:26:55.044615,14.874287066711965,67.29205393785548,34.901775850492065,59.53543867018268
2026-03-28 15:10:09.639209,25.93227157384714,31.8099200586827,1.4418729738011522,50.22698386872897
2026-03-28 15:53:24.233804,21.69106767615806,43.08392812202812,133.89128784347005,50.25573114932632
2026-03-28 16:36:38.828399,29.26216667398112,19.750887466955803,179.66389364934008,49.84892881869144
2026-03-28 17:19:53.422993,21.037396307836495,24.491947962774425,134.8906603548094,60.74405819164961
2026-03-28 18:03:08.017588,24.426317792665504,64.48942831719862,15.414268171022169,59.22823169223531
2026-03-28 18:46:22.612182,27.524936394902287,24.515067815650156,140.0100923604254,62.067226350923704
2026-03-28 19:29:37.206777,9.328775970850607,95.0,146.50033477280164,50.05283319275483
2026-03-28 20:12:51.801372,18.998517964721117,66.72370093779462,107.4526247331881,52.200781562941344
2026-03-28 20:56:06.395966,23.327493820795258,18.55015384757951,145.29297256924133,43.01393190172815
2026-03-28 21:39:20.990561,22.62527344419522,55.38497757031229,187.0292674678805,57.856207824114435
2026-03-28 22:22:35.585155,21.73335383713144,30.5250226961091,95.08928243129304,44.5069543717785
2026-03-28 23:05:50.179750,33.82727120140548,87.03415001900639,9.277857239491574,51.30399165807542
2026-03-28 23:49:04.774345,27.024908554804778,48.683651737593976,66.87039837876222,44.60782808409475
2026-03-29 00:32:19.368939,18.695580228324772,74.47940398201266,8.082979657432533,47.02421854422916
2026-03-29 01:15:33.963534,29.58930973527388,54.01812337250094,52.347703482533525,45.656457454181094
2026-03-29 01:58:48.558128,35.610780985063165,13.473002628385533,52.27404730506311,46.67763511578974
2026-03-29 02:42:03.152723,30.162326302755734,60.65211004752179,6.828938057355076,46.89568448984799
2026-03-29 03:25:17.747318,37.403150170229935,95.0,42.89699972993807,46.72430528544404
2026-03-29 04:08:32.341912,22.578829635668743,58.1289456117065,11.76559048780725,53.50675462263533
2026-03-29 04:51:46.936507,31.334555745933113,75.53510875414321,165.14857100754801,43.690311319030705
2026-03-29 05:35:01.531101,21.461652671906094,80.73651706787263,295.05299850619986,50.19199690820293
2026-03-29 06:18:16.125696,27.219097140731144,28.246381755914598,7.506463373245577,55.05389412320541
2026-03-29 07:01:30.720291,28.873170267146683,26.96358719265813,310.36562340686856,46.27308903618072
2026-03-29 07:44:45.314885,0.36534764210958315,5.0,73.93515493887611,45.12463259344331
2026-03-29 08:27:59.909480,24.702373219691,42.882277584536375,35.60546762786021,47.436963554849555
2026-03-29 09:11:14.504074,8.793663299654636,77.18890422933762,7.997662473957208,54.36379552284139
2026-03-29 09:54:29.098669,19.878061793328552,82.00184987184089,69.43964967713936,49.311533289079655
2026-03-29 10:37:43.693263,23.7371592430342,38.27371034421745,158.23848901976177,45.56101181538226
2026-03-29 11:20:58.287858,18.761084090175753,28.949644717958563,122.78778577836498,50.51283680560956
2026-03-29 12:04:12.882453,33.16205651965818,72.44204121950895,5.153122949604646,42.45866473055027
2026-03-29 12:47:27.477047,17.849293110196836,31.984482843850888,7.569582405825248,51.25391614476384
2026-03-29 13:30:42.071642,22.799777566515083,75.80914548109428,51.56259312160877,49.767488889748016
2026-03-29 14:13:56.666236,25.653702886430455,43.89906029190102,34.996960938004904,46.063103809328226
2026-03-29 14:57:11.260831,32.20636644533058,63.403991943317635,26.446609173255954,43.2872903939126
2026-03-29 15:40:25.855426,17.8206892441028,17.642825106773454,32.990017845551165,42.92528669541665
2026-03-29 16:23:40.450020,30.815818760774796,59.90874597412584,162.70050311567158,49.91166783793881
2026-03-29 17:06:55.044615,25.051165305097935,46.14141429897833,264.8292594543428,53.2618106097231
2026-03-29 17:50:09.639209,20.092456744760245,56.92867705403793,51.93664841775336,43.810152488738524
2026-03-29 18:33:24.233804,27.310517371316354,23.441136619589074,236.56420682428902,49.16888307544253
2026-03-29 19:16:38.828399,25.99529847786735,68.94989959553456,38.78644640572496,36.32256695214595
2026-03-29 19:59:53.422993,21.998915614206027,79.02376620345828,64.70978859895243,43.715878901291845
2026-03-29 20:43:08.017588,25.349010424950094,27.339184007262052,25.62208709727886,46.36547020870266
2026-03-29 21:26:22.612182,23.0734320156912,17.657164441612938,102.29744619715446,41.85469561864548
2026-03-29 22:09:37.206777,25.56758672625624,11.891086883706912,386.2333967976322,41.603497787976345
2026-03-29 22:52:51.801372,28.310653372605234,61.357720035461284,92.5061825810096,42.83063649162389
2026-03-29 23:36:06.395966,32.93008408072676,58.56752288710246,44.287742860668416,47.51460861413746
2026-03-30 00:19:20.990561,18.810922505865754,53.7357930171256,104.36056184754838,45.00173500242341
2026-03-30 01:02:35.585155,35.665166873281336,28.555767689278035,13.115784425231066,34.63260171131047
2026-03-30 01:45:50.179750,15.239561002387491,41.27247967244117,219.51584356663062,35.1062956962014
2026-03-30 02:29:04.774345,24.241074524822082,57.55810681489385,69.93341822032346,42.562187981367934
2026-03-30 03:12:19.368939,27.941586032422883,49.741348708733554,59.665541190610185,47.77236096649881
2026-03-30 03:55:33.963534,26.404959338675162,89.02284161719098,88.15627605399604,31.63453255670084
2026-03-30 04:38:48.558128,21.88650240089703,20.91518020453865,98.02530531518269,42.76226689333742
2026-03-30 05:22:03.152723,23.959388748213623,65.6115643238075,7.448198725566497,42.519289350238026
2026-03-30 06:05:17.747318,22.534995326705836,42.34550144834337,114.76467295243799,51.98259570419835
2026-03-30 06:48:32.341912,22.053176215278942,44.25596919404918,27.698176589151046,43.00696060175296
2026-03-30 07:31:46.936507,29.248010485105123,67.4078212526541,125.15978612695335,46.738979319085864
2026-03-30 08:15:01.531101,26.785077429825236,65.39489210594957,172.8980713981719,45.4231038129768
2026-03-30 08:58:16.125696,21.535452023696728,89.30047949617506,162.94289459954794,33.95760537736184
2026-03-30 09:41:30.720291,29.497999377166252,20.27154315633002,80.40809030749026,48.34594630245063
2026-03-30 10:24:45.314885,26.536497604383047,18.328771950733305,73.43231800466302,45.47723466590549
2026-03-30 11:07:59.909480,29.0643105941948,67.94710537029928,15.41726349642509,46.83782329259394
2026-03-30 11:51:14.504074,28.14814420961806,56.27095336051273,149.31945076374282,63.82479903789558
2026-03-30 12:34:29.098669,20.855024945389637,31.932853324784467,31.66432691086065,33.67109495244748
2026-03-30 13:17:43.693263,22.199094799015153,16.35354951911893,68.65597708997227,52.61412690717432
2026-03-30 14:00:58.287858,28.736468025616308,16.852659967714445,33.44579966637421,42.453340917544
2026-03-30 14:44:12.882453,28.051851327167324,81.53526997312946,14.36721949072962,45.22812457358261
2026-03-30 15:27:27.477047,24.89549203017926,25.34938597749943,99.30575734759223,43.46580272306822
2026-03-30 16:10:42.071642,25.58663691654391,35.86972496924166,5.586375972591637,41.47506406627952
2026-03-30 16:53:56.666236,31.388324478942124,28.13251217815904,138.08899279180804,40.65097612826974
2026-03-30 17:37:11.260831,22.04214305582085,38.39970446655499,38.21199325538965,45.052607942506086
2026-03-30 18:20:25.855426,7.735486905850188,95.0,0.013470207640267372,35.725162779198214
2026-03-30 19:03:40.450020,23.98903673783053,51.52478327266163,71.56569128044453,46.97095247946216
2026-03-30 19:46:55.044615,23.9115939838639,15.409005087377192,4.798499236125218,41.04518308928263
2026-03-30 20:30:09.639209,30.49388425993595,74.02852062578893,32.31981099097797,37.384994524305995
2026-03-30 21:13:24.233804,29.12708174494015,28.696966552834642,122.7502425593323,40.6955650385614
2026-03-30 21:56:38.828399,29.067548180003193,53.20095316836085,6.474080465882678,49.142779720042654
2026-03-30 22:39:53.422993,31.527394035771646,80.40632700491666,182.84555642147865,40.092892724303795
2026-03-30 23:23:08.017588,25.105019208163796,62.07018952377553,0.38272371963960566,44.47551483003132
2026-03-31 00:06:22.612182,28.40976485647482,52.636622924106824,28.345617309149553,38.9433016544032
2026-03-31 00:49:37.206777,23.44866621703272,35.94670024923005,135.0556846311104,46.30369976626819
2026-03-31 01:32:51.801372,26.62083176244221,36.64015304465583,38.01923951197497,45.858821173901106
2026-03-31 02:16:06.395966,24.349284728161578,63.55895641585521,10.74653827437935,51.59271619190316
2026-03-31 02:59:20.990561,25.48497982496359,89.5311488976934,44.6652667564808,41.39145233861675
2026-03-31 03:42:35.585155,27.97578512718457,62.94713518795029,31.524963848875604,45.533369347330364
2026-03-31 04:25:50.179750,40.908896583832636,95.0,184.96761371370292,42.602492023368406
2026-03-31 05:09:04.774345,35.4619363784273,68.45204081913968,37.592754529383974,48.51482031426579
2026-03-31 05:52:19.368939,19.96991309250149,47.21644898269745,155.55771577313507,38.36586675828694
2026-03-31 06:35:33.963534,18.92905693606134,14.811387408062817,222.44409077040282,45.61089469975775
2026-03-31 07:18:48.558128,30.790554367500338,54.98374527023279,56.88386725432964,40.83950497575831
2026-03-31 08:02:03.152723,28.95831346981468,86.61002276043041,240.73140731611966,41.42046930482208
2026-03-31 08:45:17.747318,28.120599085260775,24.024235388612773,47.3719410559516,42.12989808583413
2026-03-31 09:28:32.341912,28.1417275463214,65.20039126565325,332.6416952168716,42.86338097754799
2026-03-31 10:11:46.936507,24.938766135765427,26.074695092724518,9.353024181236151,40.9534058810896
2026-03-31 10:55:01.531101,20.51372814257084,52.8662147578465,116.16136446599883,42.54182858391871
2026-03-31 11:38:16.125696,25.37902279096863,17.73411597173757,68.08511682311533,49.29391448600347
2026-03-31 12:21:30.720291,21.61419144243944,46.02967490065481,49.04493137625131,46.26699439023171
2026-03-31 13:04:45.314885,29.875598667088756,70.49306631161969,100.16086674053277,45.623310982289624
2026-03-31 13:47:59.909480,24.264713092489306,37.80572193911857,121.69131426351242,38.93901258405296
2026-03-31 14:31:14.504074,20.872514016037442,63.19293795897744,0.43728164917464124,36.711068028770605
2026-03-31 15:14:29.098669,23.393070791735035,73.63599686317833,18.2665322371209,45.87573608296971
2026-03-31 15:57:43.693263,27.06465727137812,84.17422555835621,124.84335312686663,45.42283672579642
2026-03-31 16:40:58.287858,22.181377235980126,28.771366548436283,109.77688851674723,48.35074292329546
2026-03-31 17:24:12.882453,20.888898022167844,41.94527326474465,338.27929410405415,37.91369924238496
2026-03-31 18:07:27.477047,26.218436057459563,22.193281066433393,143.14498577567406,39.73350648004793
2026-03-31 18:50:42.071642,26.224832855543614,89.39868017267001,301.1307088376879,32.632919169412695
2026-03-31 19:33:56.666236,22.46528412314435,84.16007743394363,121.24772028770874,38.818525572843384
2026-03-31 20:17:11.260831,22.644808471908387,53.196570422444765,35.38962490032648,45.715733498844386
2026-03-31 21:00:25.855426,26.16024968678818,77.3626635501137,11.13393782120359,38.35387020926047
2026-03-31 21:43:40.450020,17.75957829251338,51.67663818176337,152.24525761144807,43.843685920466
2026-03-31 22:26:55.044615,17.962681128117225,59.88685504022078,103.32437974520249,39.64519206291335
2026-03-31 23:10:09.639209,21.40777889373782,17.12995456928133,4.938565445154199,42.175901087299515
2026-03-31 23:53:24.233804,23.932764241440765,70.42163363974464,44.63659587077571,34.77656171532371
2026-04-01 00:36:38.828399,46.554537827990025,95.0,314.19105125441143,40.90196941932499
2026-04-01 01:19:53.422993,32.37678108474776,76.08541042020227,69.39497939883505,25.482652798103878
2026-04-01 02:03:08.017588,29.288298116010097,72.56224701363087,56.6918375072549,39.46777526565819
2026-04-01 02:46:22.612182,44.20030735018287,95.0,61.193519704999886,32.21533187248517
2026-04-01 03:29:37.206777,24.904918960486555,12.89283044198097,23.43090592525958,46.364636807153666
2026-04-01 04:12:51.801372,19.987353176810956,34.250268475626285,45.998545255917016,44.19019644724568
2026-04-01 04:56:06.395966,24.90743432003805,31.04900559286743,46.173908445203736,42.6065443627988
2026-04-01 05:39:20.990561,23.55670680539931,38.810912597721526,5.377534073609781,47.84978941097851
2026-04-01 06:22:35.585155,26.613592801690448,17.011419741107083,145.915597161305,35.473288044543736
2026-04-01 07:05:50.179750,20.863845282238387,84.95662584248502,53.87184226637698,48.92934681737739
2026-04-01 07:49:04.774345,27.596732571205862,54.3041792569901,172.6982839782898,44.82970064334488
2026-04-01 08:32:19.368939,32.66369456501289,34.44194485264188,189.94426877388574,38.96373395922911
2026-04-01 09:15:33.963534,24.456199257715713,41.75852136594267,23.824964435406248,45.80393780134683
2026-04-01 09:58:48.558128,27.008558610494706,45.77620324038685,107.10559234713095,34.575258541406896
2026-04-01 10:42:03.152723,28.450719958555563,58.047546668849385,63.91928577607432,35.96660972567143
2026-04-01 11:25:17.747318,22.993897640570818,51.25435421571982,212.15705393023597,37.030254514966295
2026-04-01 12:08:32.341912,26.120462409052084,83.55135785715339,24.301554696629722,37.413907884780535
2026-04-01 12:51:46.936507,25.062962003908975,49.75707863246642,113.26237783834448,34.763174480858616
2026-04-01 13:35:01.531101,25.48838049274416,89.372641185865,93.58612978430901,46.15011930597326
2026-04-01 14:18:16.125696,41.13495108072267,5.0,34.9985195390159,38.73075003220585
2026-04-01 15:01:30.720291,25.122550871294713,26.680841148586865,14.687824248068754,41.77944325907171
2026-04-01 15:44:45.314885,27.489991456227248,84.4476171715133,105.45181635854284,37.15863757034332
2026-04-01 16:27:59.909480,32.25571803897521,19.309311830838087,134.1693753785471,30.90243451896672
2026-04-01 17:11:14.504074,29.796354130426035,75.39597667929533,37.92526906601768,41.352375849317845
2026-04-01 17:54:29.098669,35.76591228755778,40.4498634781264,103.51660626804981,30.439034164223646
2026-04-01 18:37:43.693263,21.163262185559752,80.23794563560556,50.27432205813675,39.65694102481552
2026-04-01 19:20:58.287858,29.361603183603393,79.44453520859602,124.89941708327505,33.15992053625295
2026-04-01 20:04:12.882453,25.91671002869176,74.4740320094097,22.2163125706071,49.940842243936395
2026-04-01 20:47:27.477047,35.94901466608836,73.20243490456491,220.92313952729916,44.5658239488268
2026-04-01 21:30:42.071642,20.958508573224243,34.37433112784326,33.884849273461874,40.54390823765218
2026-04-01 22:13:56.666236,20.801390789096118,16.473542644100174,45.85273151883389,46.34138149631073
2026-04-01 22:57:11.260831,22.00303677277989,42.23841430121291,5.984762284370609,35.80055571110098
2026-04-01 23:40:25.855426,14.380521378450965,23.881961198920692,11.823437635671135,42.76039717628209
2026-04-02 00:23:40.450020,22.371224891596196,65.59608711219694,72.53850879884061,41.054492611040786
2026-04-02 01:06:55.044615,21.20433669223151,37.687978123022845,31.14184672257246,41.38955451526468
2026-04-02 01:50:09.639209,25.75196893238104,88.04881606879319,180.47245077470063,46.446806564559985
2026-04-02 02:33:24.233804,26.708779878885796,61.27776618762656,1.4802405694441707,43.76465335666118
2026-04-02 03:16:38.828399,34.38085419607943,75.79844509074887,47.65756556547072,41.56453104472334
2026-04-02 03:59:53.422993,29.75211919093025,20.601973819347876,41.1501611341643,31.866758584384563
2026-04-02 04:43:08.017588,22.115481721687985,78.9611585818098,1.9516851669877113,35.36280726180658
2026-04-02 05:26:22.612182,20.50792664325821,83.82057524107155,13.28098233045887,39.57289352448578
2026-04-02 06:09:37.206777,27.459595857532527,48.96495350551487,53.38259054757455,40.67825229724464
2026-04-02 06:52:51.801372,18.398833964896788,58.50023502007819,67.8977219233992,34.58687286688608
2026-04-02 07:36:06.395966,34.157293829271765,71.18478407223964,51.80008832397219,52.32432057033208
2026-04-02 08:19:20.990561,30.897200603606436,23.987090180833004,75.70196375133226,47.87749337106989
2026-04-02 09:02:35.585155,22.654121739476476,50.205286117075396,90.41933879635168,43.33723611798951
2026-04-02 09:45:50.179750,16.434327354545612,41.89304222178505,0.9973390458152718,40.71948083825722
2026-04-02 10:29:04.774345,31.769361870827062,21.70991937297993,62.37986699666189,39.33242912627103
2026-04-02 11:12:19.368939,24.42730077373691,39.40275378332252,331.04222210096384,35.66957913990611
2026-04-02 11:55:33.963534,31.189081559867308,15.453784750839485,73.19551215848256,40.85378586882002
2026-04-02 12:38:48.558128,17.027861706028165,12.064952555958959,113.17832132238965,41.793866297165614
2026-04-02 13:22:03.152723,22.003124885231134,20.81330313238582,37.376857968988034,34.33652339665325
2026-04-02 14:05:17.747318,25.026218498590914,87.0492089271339,148.71821306709975,42.25792703092945
2026-04-02 14:48:32.341912,25.23490296882371,53.96236287160136,148.245942648968,39.853957763201876
2026-04-02 15:31:46.936507,22.74967264260378,87.2657728922576,73.66729262027566,31.135905835815976
2026-04-02 16:15:01.531101,28.114249661737492,44.59983026641056,373.02775845358445,36.419184673137394
2026-04-02 16:58:16.125696,19.661897853087027,34.945290646820766,13.416040728437489,38.70071634094866
2026-04-02 17:41:30.720291,24.288102574893532,50.49134902721953,1.70929200584672,50.25627721789821
2026-04-02 18:24:45.314885,5.601478158559495,95.0,147.03640839597827,43.65115235093896
2026-04-02 19:07:59.909480,27.572194170293745,18.453174740939513,164.58713080659462,34.242971555705076
2026-04-02 19:51:14.504074,28.55807439044445,61.266105175216495,12.806888687847065,43.40399017039785
2026-04-02 20:34:29.098669,19.376789540810655,27.28305460076797,30.867806434803484,33.292146295885026
2026-04-02 21:17:43.693263,17.32942914632189,59.56703639182636,1.7708232706465001,46.49839854245253
2026-04-02 22:00:58.287858,31.388384109492545,62.01608739185227,34.71612158516566,38.78700765694531
2026-04-02 22:44:12.882453,26.661570059897958,22.16198825029185,148.3430452128112,40.73353909813984
2026-04-02 23:27:27.477047,21.25756731721723,14.907970168853453,72.972927557207,47.89118453858366
2026-04-03 00:10:42.071642,32.75575987761262,72.46092688547519,42.78573430933416,34.88824728040274
2026-04-03 00:53:56.666236,25.578373171464293,46.78403390154561,46.48000631593654,34.40171079504274
2026-04-03 01:37:11.260831,30.896485920319133,14.653103640438063,0.13545426943478148,38.53390445520071
2026-04-03 02:20:25.855426,25.337592407050543,89.58930537358137,35.639002391120705,46.70974725596856
2026-04-03 03:03:40.450020,35.303739624409936,14.622444879709331,103.97550865605174,33.98841664961528
2026-04-03 03:46:55.044615,33.77670421221602,65.60281830868425,365.716545428518,27.492994526968978
2026-04-03 04:30:09.639209,23.75517925760463,88.69431402107308,187.7714998624691,39.46792432192769
2026-04-03 05:13:24.233804,29.85785475477178,29.13440833727405,2.38777834155165,44.55367824848373
2026-04-03 05:56:38.828399,28.226879747925736,21.379949494975694,228.8293749222259,47.86883689645681
2026-04-03 06:39:53.422993,31.843157787661745,19.71079515379431,152.87726907101523,39.62556201999631
2026-04-03 07:23:08.017588,20.17538269709948,34.262011805407646,151.58388483489995,39.95935157767593
2026-04-03 08:06:22.612182,48.43025729999219,95.0,61.2481452856446,47.86236728212779
2026-04-03 08:49:37.206777,30.29212243424794,65.37290733553056,50.75066259951957,32.82178523943826
2026-04-03 09:32:51.801372,16.20630256788443,14.983343850405015,36.0848969982313,40.30675883528894
2026-04-03 10:16:06.395966,19.083707436671126,50.75377025198318,6.795219063427087,43.28157750106929
2026-04-03 10:59:20.990561,14.803839111199498,89.73574830823814,25.90756504330275,44.65686069174428
2026-04-03 11:42:35.585155,23.652965827777212,75.11762156048151,28.31638085009333,39.944243481518335
2026-04-03 12:25:50.179750,28.58771127897981,59.21755505848087,66.17978845593669,42.74917964107311
2026-04-03 13:09:04.774345,32.51178526048014,34.500289662928935,137.61238826067157,30.220209980167773
2026-04-03 13:52:19.368939,25.370473902098876,59.91166690333108,64.20925886156549,39.45663795072678
2026-04-03 14:35:33.963534,33.14307772785646,52.163317112932134,5.958489006248408,45.102604327944505
2026-04-03 15:18:48.558128,18.099492708925542,44.086670711229715,316.50934043967567,38.01190503986155
2026-04-03 16:02:03.152723,16.483087803224226,20.45683013921596,285.98791623520435,43.307730484424305
2026-04-03 16:45:17.747318,24.722261505516904,80.92833721923733,153.79992357279178,45.33771161423086
2026-04-03 17:28:32.341912,26.920327244696537,45.9827719057058,474.76444833599436,41.48223408215865
2026-04-03 18:11:46.936507,24.836526259529535,25.569800945661207,78.63207766462898,44.14000666157382
2026-04-03 18:55:01.531101,14.662789499800617,39.420748070183166,329.05960797829,38.56779477527826
2026-04-03 19:38:16.125696,24.55439980243606,43.130380202314164,7.861585344916983,42.44321823630185
2026-04-03 20:21:30.720291,18.477652497475734,76.20303164534994,45.520289964627686,46.62320475108071
2026-04-03 21:04:45.314885,28.348362744150194,68.68915044491217,25.538432939859106,44.45385504557396
2026-04-03 21:47:59.909480,26.83299123048424,71.54439149130718,21.79484245523082,40.83420197279815
2026-04-03 22:31:14.504074,20.300601068363225,10.882501154291777,15.175698737108501,44.98679467878734
2026-04-03 23:14:29.098669,22.430665413316532,43.29231985438092,97.39559723919811,47.53858656254882
2026-04-03 23:57:43.693263,19.70393239055524,48.50753213082589,152.01542911231599,33.8166109887364
2026-04-04 00:40:58.287858,24.68660451363414,11.535382145844535,86.34573226958267,49.96340635271675
2026-04-04 01:24:12.882453,29.775711602506192,30.785056699602737,15.895201566782516,42.589403760174434
2026-04-04 02:07:27.477047,20.07136976832228,70.8231858497708,166.66633458146543,46.501675084016775
2026-04-04 02:50:42.071642,27.520232577589223,20.968776458319923,101.0476988217397,50.46489815469543
2026-04-04 03:33:56.666236,22.348711908137794,52.824810516207336,49.12937947777809,37.72560679836576
2026-04-04 04:17:11.260831,21.03563583868828,27.216149761379,112.1257657067068,41.142938986569064
2026-04-04 05:00:25.855426,24.464848200227213,10.969661971511462,30.09766945987171,43.354409400805686
2026-04-04 05:43:40.450020,39.82378838790313,5.0,42.34135344939629,40.98621739153912
2026-04-04 06:26:55.044615,22.23175347326409,88.0699003928043,249.47854019627047,53.68830616677412
2026-04-04 07:10:09.639209,19.010610537055758,74.12296895063916,34.3201132890464,40.83919009272969
2026-04-04 07:53:24.233804,34.82362566458195,86.76613154568267,63.48561371298942,42.45551560810139
2026-04-04 08:36:38.828399,25.176317759858645,49.028323514109,220.85588042617505,46.366147840075314
2026-04-04 09:19:53.422993,21.50137246003707,18.778895894200282,123.00476518437323,39.44514490517078
2026-04-04 10:03:08.017588,26.06989955367111,53.83675911789544,6.4222012474072745,43.58989783477742
2026-04-04 10:46:22.612182,24.43835975154585,46.350186764796874,15.935106340465577,47.26867777611789
2026-04-04 11:29:37.206777,23.895152002333884,77.54856661916928,0.7872497723973615,44.13090284539529
2026-04-04 12:12:51.801372,28.070833500217127,17.846606462739565,99.67467068014915,45.442729286092785
2026-04-04 12:56:06.395966,28.787538550236526,49.059290961742256,59.361578701023376,43.378108936919006
2026-04-04 13:39:20.990561,22.34749426194736,22.00389317551874,14.41878005901035,38.568152864142874
2026-04-04 14:22:35.585155,22.1209087967766,35.974074151204796,316.85183433152224,47.864816057456004
2026-04-04 15:05:50.179750,23.62474151424178,68.98856619102398,75.42988546284627,55.14845322041953
2026-04-04 15:49:04.774345,13.490394176322075,48.081450349501324,27.693113030920475,46.583307645403885
2026-04-04 16:32:19.368939,17.42404468900724,40.07106281166155,69.43550520525156,47.73568688129099
2026-04-04 17:15:33.963534,31.834371337222624,41.55810228560283,113.82485262732563,50.19158336700658
2026-04-04 17:58:48.558128,33.22483856750642,46.75574147247893,7.930213477005081,40.50043813151147
2026-04-04 18:42:03.152723,23.75481980221811,72.80132350696455,32.117517658509286,55.47928380590175
2026-04-04 19:25:17.747318,27.882784815278832,81.36677511521876,164.4886302350852,48.098454349358526
2026-04-04 20:08:32.341912,26.556250772717682,86.42677492031426,61.55657215573472,55.36665566251723
2026-04-04 20:51:46.936507,40.39440404227619,72.9522709004236,79.09301276058035,43.66320886103483
2026-04-04 21:35:01.531101,30.597874557172883,35.23255165984102,56.70715168023113,56.540108848786005
2026-04-04 22:18:16.125696,24.360412042596167,65.05077648692337,4.489270890015703,51.44740561638804
2026-04-04 23:01:30.720291,20.22229779699787,45.008249924431354,18.122189742519364,50.45904172183739
2026-04-04 23:44:45.314885,16.96776839871214,30.373649763684092,58.97635674222761,48.98654160931928
2026-04-05 00:27:59.909480,26.017318179336115,77.26972635407381,23.4691808249024,46.696699795510824
2026-04-05 01:11:14.504074,21.218246273578483,13.074107916986,5.127121953612685,54.06525078000038
2026-04-05 01:54:29.098669,-2.11126854798837,95.0,185.56560463874308,48.887947990513716
2026-04-05 02:37:43.693263,21.767135578787368,46.91819716997873,397.350110319524,38.47464327884574
2026-04-05 03:20:58.287858,19.592259981928024,60.976118144662436,157.57269365677425,42.848170050179405
2026-04-05 04:04:12.882453,33.43570817536282,62.748313776462616,192.2676602269478,47.629231928356674
2026-04-05 04:47:27.477047,29.408198784747253,81.60941925652291,27.704172270921134,50.23304202747153
2026-04-05 05:30:42.071642,24.960136793416915,60.93357457337659,323.4674354858788,48.524899468138784
2026-04-05 06:13:56.666236,32.39972069445013,59.114686780804945,21.930804684137822,55.027679295254714
2026-04-05 06:57:11.260831,25.38684153823809,15.332163244855197,302.4745318202052,39.30246831653061
2026-04-05 07:40:25.855426,20.69357899335868,51.47264175561632,526.2813931989295,49.90121866389374
2026-04-05 08:23:40.450020,32.61562038634828,22.01352006536333,124.3832781684682,40.21881342711637
2026-04-05 09:06:55.044615,27.694550218423295,68.99470149771885,397.09098894264463,53.232810985582915
2026-04-05 09:50:09.639209,19.81376922836772,50.97775366501396,84.29003625594062,49.087585407566166
2026-04-05 10:33:24.233804,24.04830660958196,64.41822233666826,30.04860724923195,51.78362795092938
2026-04-05 11:16:38.828399,20.621908733076214,13.333832048190741,57.44683429928096,45.4919121492065
2026-04-05 11:59:53.422993,18.086001345178317,16.783361283664256,90.03212637616178,56.33443032512807
2026-04-05 12:43:08.017588,29.630887737658206,67.30587104501458,7.588970221384388,55.27151765345493
2026-04-05 13:26:22.612182,34.54708320235065,15.76674687989387,97.3769603394951,53.1063945629041
2026-04-05 14:09:37.206777,18.007162130904295,15.700538221220688,397.27202078753885,49.666835674873994
2026-04-05 14:52:51.801372,27.814846183452854,10.968678018790996,21.085394111533372,53.33940744669947
2026-04-05 15:36:06.395966,21.746787154390866,86.5201118639584,157.3082436156245,47.03128765190117
2026-04-05 16:19:20.990561,22.56437308117652,69.00066875672056,238.48672389512572,54.969068741051395
2026-04-05 17:02:35.585155,22.038030378805654,38.260112680165136,287.7089035892496,59.06412549025167
2026-04-05 17:45:50.179750,20.68004615160092,33.72284650301242,322.2271694448199,56.295075163172186
2026-04-05 18:29:04.774345,25.242608139724133,37.97625837966797,73.70147220569544,47.41916230467654
2026-04-05 19:12:19.368939,20.84524941794481,71.97228249449455,378.5738784859356,52.99924467372724
2026-04-05 19:55:33.963534,26.352284128899193,62.90964888563315,141.59712237241735,44.85124516956299
2026-04-05 20:38:48.558128,24.748809452754315,24.815645429397435,17.634517448085628,54.30349086655795
2026-04-05 21:22:03.152723,23.80525976566795,23.928746826726748,64.79828321383204,53.81891470559827
2026-04-05 22:05:17.747318,20.46218168979201,17.871651977071785,126.70232789212518,42.34092650555766
2026-04-05 22:48:32.341912,22.116143347158335,62.82421757610705,28.41420999797959,46.00493213916468
2026-04-05 23:31:46.936507,28.77695612912878,71.14981297773888,102.33615524613529,50.52171302865013
2026-04-06 00:15:01.531101,27.504585938121902,31.203714266000322,109.84137455189628,50.55635837841278
2026-04-06 00:58:16.125696,20.112223776007244,11.675596882473025,17.75725437985096,46.136195985352416
2026-04-06 01:41:30.720291,25.49666152714613,16.573733398114186,83.2605387708658,54.251052354185305
2026-04-06 02:24:45.314885,28.756935616858947,87.42880278760244,147.6774632041396,53.68573989848843
2026-04-06 03:07:59.909480,16.652973594393142,33.63558219819362,69.0940945159936,51.5788551041105
2026-04-06 03:51:14.504074,27.716800961899676,71.53785182705069,1.2176955887700334,48.8926686605534
2026-04-06 04:34:29.098669,21.686881205270765,59.9730855083411,0.9079563850904285,58.03616446501111
2026-04-06 05:17:43.693263,27.852993342965796,40.555171172231674,44.16561918201067,61.19022519819694
2026-04-06 06:00:58.287858,21.183704217287417,26.45498097564441,260.63161770524016,50.615482065513575
2026-04-06 06:44:12.882453,15.975589496677404,19.710913452752514,25.964777096391696,50.092074799980914
2026-04-06 07:27:27.477047,16.862287810584185,59.20103744310933,100.611612505522,55.728068735637684
2026-04-06 08:10:42.071642,25.24042473330691,71.97070245102304,25.112627973050973,51.60048680621181
2026-04-06 08:53:56.666236,46.298612508607405,95.0,38.81213685465557,52.81171450519713
2026-04-06 09:37:11.260831,20.478416874477958,52.42417065993266,188.41517017541253,57.324477896440015
2026-04-06 10:20:25.855426,28.19296229388687,13.356097874530901,130.5125305626397,44.19636956170372
2026-04-06 11:03:40.450020,16.6923996886552,87.47910220755071,10.026162303666899,60.451007214216624
2026-04-06 11:46:55.044615,24.66960100676342,73.89713533236596,55.98443507801786,54.33863312248583
2026-04-06 12:30:09.639209,18.944919001187717,33.42576293607718,2.960365980225214,52.032870696596554
2026-04-06 13:13:24.233804,21.740819460989204,88.39762634870806,65.56397546358058,53.75862436158489
2026-04-06 13:56:38.828399,25.23699335658207,58.15052717090577,108.59942668955456,54.13073530523556
2026-04-06 14:39:53.422993,20.69793317358024,56.593812656579715,12.613325343695841,45.77569208921663
2026-04-06 15:23:08.017588,23.077222278850872,69.84585435436257,34.092103232703444,62.01879860171495
2026-04-06 16:06:22.612182,30.0314640460722,74.941583047211,50.722648428285034,54.86242547929266
2026-04-06 16:49:37.206777,22.115540652384254,62.518288586520214,251.988356829711,56.981761146701146
2026-04-06 17:32:51.801372,29.17846056032571,20.247659709296002,499.8956075902351,59.63469829100655
2026-04-06 18:16:06.395966,19.351465726711908,37.06140047955987,4.595106218168274,49.88056442460841
2026-04-06 18:59:20.990561,27.649020889576413,84.24669122608398,143.13248803005746,57.46237449801487
2026-04-06 19:42:35.585155,32.207843103289505,27.969248947508156,46.4775824305489,53.86464166532181
2026-04-06 20:25:50.179750,12.641777499363553,39.77336190700107,49.83342768841731,59.54370987737566
2026-04-06 21:09:04.774345,21.015523722647615,44.56615063553568,140.3501450995342,44.77988761372442
2026-04-06 21:52:19.368939,27.8853606359027,45.15239917555618,250.62499928371724,55.025864962324356
2026-04-06 22:35:33.963534,23.984773069785035,59.03516659956204,301.4478786587206,52.61167130326456
2026-04-06 23:18:48.558128,26.855729366856544,85.4460670195766,86.06729434454637,57.89063729959097
2026-04-07 00:02:03.152723,21.980074066420897,29.2554169466004,44.1799000649414,58.18218490890374
2026-04-07 00:45:17.747318,25.4329489373645,19.720110104073445,154.90443095770988,52.39555314426607
2026-04-07 01:28:32.341912,4.221613823039604,95.0,28.90181422787728,52.47359306975404
2026-04-07 02:11:46.936507,30.838910308299035,80.95399201674157,83.02828409517736,55.580960499879964
2026-04-07 02:55:01.531101,26.272104216506065,61.664865012416485,44.40684118766536,51.74993054280612
2026-04-07 03:38:16.125696,26.68801331037601,32.87254313913281,106.89498229877938,60.54092823652884
2026-04-07 04:21:30.720291,22.940615169387662,75.27575511748938,27.496186888850964,54.58184009462815
2026-04-07 05:04:45.314885,22.561968879637533,78.90959970907488,21.26895672844426,41.98878426860969
2026-04-07 05:47:59.909480,22.837209060901895,77.72114709522225,250.39559817896867,54.744432115189646
2026-04-07 06:31:14.504074,26.972260711891483,83.51412269116436,10.736661870379178,51.519593089189165
2026-04-07 07:14:29.098669,22.895077595898684,30.179281613868927,70.51345584098176,48.64864083624779
2026-04-07 07:57:43.693263,26.448874284482066,70.40335429970227,24.95552688905251,50.70951769866975
2026-04-07 08:40:58.287858,35.37700399322719,46.8431597819312,3.970799371386665,57.53423298268852
2026-04-07 09:24:12.882453,29.355623517158463,77.35988423120492,3.66835056113271,63.719828930106196
2026-04-07 10:07:27.477047,23.369882339160796,68.27925417292906,19.264074345832686,58.73086160415273
2026-04-07 10:50:42.071642,51.00606961081972,5.0,201.56809818707225,54.21960304652527
2026-04-07 11:33:56.666236,22.959623134892244,62.49294701448572,33.195270666804944,59.617674228620785
2026-04-07 12:17:11.260831,14.80937732411073,24.19430155757655,300.49581125357594,55.12757386636113
2026-04-07 13:00:25.855426,19.95956844541298,53.60215351175506,87.13706491738637,54.03372120671151
2026-04-07 13:43:40.450020,15.646040394870722,88.77357916196065,57.379060981508765,51.81741957351596
2026-04-07 14:26:55.044615,43.24243257979346,5.0,86.77121011941033,48.911397914797384
2026-04-07 15:10:09.639209,25.092091895947757,13.453898863760934,72.71143589950866,55.80101875599879
2026-04-07 15:53:24.233804,33.382186561376415,23.18518525835497,142.20303685493482,58.61977371168529
2026-04-07 16:36:38.828399,26.634636868820813,20.538301876364955,33.19768483987264,57.424018039076486
2026-04-07 17:19:53.422993,23.90449735595568,68.07839279882364,43.54868725226266,55.903680747007265
2026-04-07 18:03:08.017588,29.147027905917447,75.4228263885556,224.52062273805205,53.32990086609278
2026-04-07 18:46:22.612182,-6.055676545039425,5.0,292.72611169441507,61.173702810662164
2026-04-07 19:29:37.206777,26.178072790542828,50.46821543614632,223.08062291973073,51.61936615133794
2026-04-07 20:12:51.801372,28.854325969434832,77.256242240896,54.3775893497494,62.156420955244684
2026-04-07 20:56:06.395966,17.607068771100792,68.62412358130004,151.57904915515272,53.33514238784455
2026-04-07 21:39:20.990561,30.718770216034645,53.378976439347866,64.69045124116816,54.65267678623532
2026-04-07 22:22:35.585155,26.69248203747207,57.22781523670183,68.82389499473696,51.148221046049635
2026-04-07 23:05:50.179750,22.923560430495993,50.6688437533024,22.90108667160451,56.04108817864107
2026-04-07 23:49:04.774345,48.163909330531425,5.0,89.43587635739941,63.4892605717822
2026-04-08 00:32:19.368939,36.35346428902198,55.20175942872129,20.596187747433078,61.254075318895794
2026-04-08 01:15:33.963534,25.909331275292477,65.11082416400725,40.28156695729184,63.62990925926746
2026-04-08 01:58:48.558128,26.24110293150168,79.86583326886462,193.12298452903548,61.40899268783397
2026-04-08 02:42:03.152723,22.70319550229878,60.903308318339846,23.202765991310308,53.33901994131344
2026-04-08 03:25:17.747318,20.75077815267604,70.88972296345264,7.381693700302627,57.26111060534505
2026-04-08 04:08:32.341912,29.151679082721227,22.80573079636584,7.150415706895464,55.070338113835824
2026-04-08 04:51:46.936507,20.719580870455665,46.92459795358319,282.6572293283546,65.67906579688554
2026-04-08 05:35:01.531101,25.357831186096963,10.746529586167464,70.70847345157996,53.0956773666639
2026-04-08 06:18:16.125696,22.611712766174417,29.73430916172984,52.66367498016638,63.60010171867539
2026-04-08 07:01:30.720291,27.39489912873196,68.11693720904039,166.5366041661833,63.64693041934658
2026-04-08 07:44:45.314885,26.66831052643474,89.34479610794908,180.68279988809698,68.37935700052356
2026-04-08 08:27:59.909480,30.187699721289498,17.934247966977274,40.375312406288764,57.2304573098176
2026-04-08 09:11:14.504074,22.449918005726264,42.11954526890306,118.29227771663489,62.886667172697884
2026-04-08 09:54:29.098669,23.650625323533145,74.00567749593276,147.4569733059262,70.77800617536859
2026-04-08 10:37:43.693263,20.106181421088465,26.32285077031191,106.31988723472206,56.324746670626546
2026-04-08 11:20:58.287858,22.77853369961944,54.4067959441829,16.439725102804932,51.77947248827684
2026-04-08 12:04:12.882453,26.88650246522426,68.64570368237398,208.65312827419478,50.09484623400931
2026-04-08 12:47:27.477047,28.78494308322676,59.278836020814325,77.45623605709238,63.09717686808094
2026-04-08 13:30:42.071642,20.389173379111874,25.04197876923329,33.194390194044374,50.15507751968979
2026-04-08 14:13:56.666236,29.3480296005283,38.43076549485915,55.37821611877681,57.744930759533595
2026-04-08 14:57:11.260831,31.778189294024756,72.70334275883178,3.8295075702702275,61.82726940335631
2026-04-08 15:40:25.855426,27.067174516118506,54.33812113056133,13.6813115846664,60.59923316812247
2026-04-08 16:23:40.450020,34.38397906279033,10.418369083433019,145.04990735121405,61.831701226118824
2026-04-08 17:06:55.044615,21.131054004482134,70.8792608022475,0.0011634823050432324,60.84551208656429
2026-04-08 17:50:09.639209,18.776726483442914,12.824908395219126,53.882365021327104,66.15643757631126
2026-04-08 18:33:24.233804,16.106398755478608,69.65870261849858,73.9212440933873,55.027027670444625
2026-04-08 19:16:38.828399,32.480221557445915,26.19844481321899,5.6183569156496915,56.428586115242936
2026-04-08 19:59:53.422993,28.27182828177029,86.64587840955042,361.48175362787754,55.97366403544198
2026-04-08 20:43:08.017588,24.722076645447725,39.43526010416676,25.63453451831128,64.009763293787
2026-04-08 21:26:22.612182,26.399843131599102,36.15452930704633,36.269117613417016,64.3810802113771
2026-04-08 22:09:37.206777,19.372554763508116,21.911044026595576,36.23230247239586,62.15393375383037
2026-04-08 22:52:51.801372,37.228759898084135,34.44833723921719,26.190603022539467,65.83242927042349
2026-04-08 23:36:06.395966,25.646105909876137,80.13206094625605,0.1474909230385058,54.040341554521774
2026-04-09 00:19:20.990561,25.546973973024464,89.70674701017978,130.69095710746873,68.28068011530846
2026-04-09 01:02:35.585155,28.62883311949346,39.464762440547865,340.6576818902749,67.57319282562966
2026-04-09 01:45:50.179750,27.405046158683568,45.8888504763634,25.3981030444211,63.64597438779907
2026-04-09 02:29:04.774345,26.119420121395656,67.76567505621897,108.78123934605873,68.88614643581792
2026-04-09 03:12:19.368939,21.04762772277344,80.89566243720596,135.43939412806242,51.70174468031635
2026-04-09 03:55:33.963534,27.357341785679978,57.44354673494273,188.66772280370347,57.36874898073356
2026-04-09 04:38:48.558128,34.41012248237517,41.32205585422635,54.927057938722555,56.319020448807876
2026-04-09 05:22:03.152723,31.727100230774887,43.0097472678899,36.08707420593492,63.60590088836972
2026-04-09 06:05:17.747318,32.965933133196984,65.64945171974455,39.34799193146354,54.74918504674642
2026-04-09 06:48:32.341912,22.443921617844076,10.257461088342295,124.69545359924233,63.787166705364896
2026-04-09 07:31:46.936507,20.051975898707095,59.56714699678726,169.70647506300529,66.85059166262283
2026-04-09 08:15:01.531101,24.37106539950176,38.43944083530859,20.042113164163982,63.470563478710694
2026-04-09 08:58:16.125696,25.278624561443472,73.53578650216674,46.35302399667804,61.40836071589578
2026-04-09 09:41:30.720291,30.470957592354743,17.439251185850573,232.21777491770328,55.04371487820894
2026-04-09 10:24:45.314885,16.537676851425903,57.05618135587124,164.34783687293708,55.74072313531818
2026-04-09 11:07:59.909480,52.64775159730307,5.0,419.0309538682376,66.21339055598669
2026-04-09 11:51:14.504074,4.209960507105052,95.0,140.34334383200408,63.850782324866785
2026-04-09 12:34:29.098669,22.8655946502629,15.188287558637468,49.95481228836644,59.74610597801167
2026-04-09 13:17:43.693263,19.93947812369916,56.3987029942505,89.3155023299958,57.83724914000575
2026-04-09 14:00:58.287858,16.725716640671152,54.9187670367619,108.17972204129242,49.781780101133315
2026-04-09 14:44:12.882453,29.115852919809573,54.85280755329367,8.170455545483112,54.53901180311274
2026-04-09 15:27:27.477047,25.36658983594202,58.279013327716385,78.63528863524105,69.4312583702665
2026-04-09 16:10:42.071642,18.55019550129473,64.11743497810897,123.55351233568277,53.451211749663834
2026-04-09 16:53:56.666236,18.52460613968192,74.39911997446158,18.310743031294468,60.77865628406244
2026-04-09 17:37:11.260831,23.32107650354936,31.585657610257147,151.70033059741118,64.8446890381764
2026-04-09 18:20:25.855426,33.34510762644696,76.00395281440497,87.65239671469428,53.507516011320625
2026-04-09 19:03:40.450020,43.702043243181976,95.0,304.1185511110514,60.678794098723806
2026-04-09 19:46:55.044615,17.48428523440947,16.164662330746495,4.33484105221125,64.41638823458489
2026-04-09 20:30:09.639209,23.77128467957028,14.684074339518336,30.8328602809438,59.759336926113136
2026-04-09 21:13:24.233804,23.636382151261646,36.73906549568486,92.01829951622437,74.00735105391426
2026-04-09 21:56:38.828399,11.515566785292142,72.7917581689174,35.17725691046352,51.28930561454815
2026-04-09 22:39:53.422993,24.72852566741094,66.61447477927325,125.3247660188759,64.89138659295129
2026-04-09 23:23:08.017588,23.84532734895661,73.08919717379251,142.29802649098477,58.69765866041019
2026-04-10 00:06:22.612182,28.48103182406709,51.38152451532875,10.815994603859409,63.383678603027896
2026-04-10 00:49:37.206777,54.244780474726724,5.0,72.12472435450759,61.69151709409419
2026-04-10 01:32:51.801372,30.632825147738785,21.796202136502714,71.10882749898155,55.778603068258306
2026-04-10 02:16:06.395966,23.655556547225846,36.25542028874492,46.08944761872568,60.5472743693943
2026-04-10 02:59:20.990561,19.467370456291647,44.72154929391002,270.19418337671755,50.06920579854669
2026-04-10 03:42:35.585155,37.8667990162493,17.08803437436938,175.73946801280817,62.32989039745551
2026-04-10 04:25:50.179750,25.29609217007244,27.6489562168969,119.47137417483798,60.75791138400548
2026-04-10 05:09:04.774345,25.06964645956473,57.85802352509911,125.29062038255496,62.41241974006776
2026-04-10 05:52:19.368939,24.879374564449982,68.85304913913518,61.93692442292759,64.46025164339589
2026-04-10 06:35:33.963534,25.990423803839274,89.86780091143598,253.8238075712038,60.956849444198895
2026-04-10 07:18:48.558128,24.278197940380288,84.64906650748462,118.6117913334209,59.80684472676028
2026-04-10 08:02:03.152723,22.131689965598817,61.40521596281532,130.55665773552832,54.60726877215299
2026-04-10 08:45:17.747318,22.26570529379804,43.69984426352576,197.82642708715719,55.3962934186073
2026-04-10 09:28:32.341912,24.836233648920008,60.894189176658614,32.03038769287745,64.83443980910572
2026-04-10 10:11:46.936507,22.282876144331176,72.85212944641856,164.5432535124599,66.02440485861767
2026-04-10 10:55:01.531101,21.435771086614178,19.466895273870986,21.721193189903325,57.59273760426742
2026-04-10 11:38:16.125696,25.532151138459483,42.79239117570306,42.364224416601445,58.952475716461244
2026-04-10 12:21:30.720291,3.725113912895722,95.0,40.88866362702279,54.13718216287556
2026-04-10 13:04:45.314885,32.51996494291345,40.70663615464352,384.0887622252616,64.46046002814468
2026-04-10 13:47:59.909480,11.745150958034941,55.74978169817492,194.16796763724423,61.858821450392824
2026-04-10 14:31:14.504074,30.45753425961231,57.021548868975856,120.7879965984888,68.17153608561935
2026-04-10 15:14:29.098669,31.230425962488145,24.75810025069115,129.84914234202142,54.00620561868671
2026-04-10 15:57:43.693263,34.63304883795925,95.0,82.5702579684131,56.438824841316645
2026-04-10 16:40:58.287858,23.286562029598258,36.76090309935457,293.91755305092016,59.4158194222633
2026-04-10 17:24:12.882453,23.142795670021044,12.095736682565184,68.56925413210558,61.41945623228713
2026-04-10 18:07:27.477047,17.962441526410892,11.93534111130842,47.88711656821709,57.035793676890506
2026-04-10 18:50:42.071642,21.110916562045624,76.53576349406188,17.797342794015172,53.675165851400905
2026-04-10 19:33:56.666236,19.447120772670857,31.845664797824995,154.27407178831197,62.37157623966716
2026-04-10 20:17:11.260831,33.761352217118116,51.44630129910524,132.59292819722023,61.49352248705423
2026-04-10 21:00:25.855426,29.678391965737305,33.898045887101844,48.50848428490843,53.22853417364056
2026-04-10 21:43:40.450020,31.357775474970794,85.25433960922724,2.5516200954391075,64.50794193941466
2026-04-10 22:26:55.044615,28.608360320216175,30.7437407092619,182.63343161106417,63.501321520561916
2026-04-10 23:10:09.639209,19.354741143913856,44.37254501911481,1.1483669104263554,58.24020000628889
2026-04-10 23:53:24.233804,22.37739866860113,79.81842003876815,121.6382080660238,57.88389879523009
2026-04-11 00:36:38.828399,27.44687280613959,77.3546853433447,351.51651579398117,60.17220582259898
2026-04-11 01:19:53.422993,18.889360955540273,24.888113427702187,57.56509916369589,53.00823790973549
2026-04-11 02:03:08.017588,28.56499215086194,74.21146478365684,26.78446810487069,57.38058923643551
2026-04-11 02:46:22.612182,23.798373009209325,46.65495093903141,122.03427641197982,46.38104864122431
2026-04-11 03:29:37.206777,23.125895962252013,48.637509766828416,169.89696010093255,61.43664889897422
2026-04-11 04:12:51.801372,28.554799841017456,20.6783977932755,79.06063631889005,49.157192668282924
2026-04-11 04:56:06.395966,27.2213165574302,16.44812110056997,341.2317236403083,64.39094402843611
2026-04-11 05:39:20.990561,23.1951691709046,68.23514455790121,5.305138804256164,55.13134288831442
2026-04-11 06:22:35.585155,30.79664901682124,49.716892188423984,70.27846689285737,55.63063382778753
2026-04-11 07:05:50.179750,-0.40531663799948703,5.0,126.7459247349778,53.45626620493644
2026-04-11 07:49:04.774345,28.07967803472132,68.36065829219174,198.5153492430679,55.059664860926084
2026-04-11 08:32:19.368939,27.96550628984192,71.24103191928879,19.75435601599549,63.49641099247045
2026-04-11 09:15:33.963534,23.452267803430047,22.712653413548285,160.94553214040425,43.867592767750175
2026-04-11 09:58:48.558128,26.63066511121059,58.8180119582113,80.45415873998299,62.59334687887338
2026-04-11 10:42:03.152723,18.744432118073483,20.828326582214842,50.50981935027793,57.79953889096277
2026-04-11 11:25:17.747318,29.620135096034506,70.11000688232366,14.123531011449272,49.97424810234516
2026-04-11 12:08:32.341912,4.075489317785056,95.0,200.46737106042548,50.53177838481339
2026-04-11 12:51:46.936507,22.386384897404803,86.52916968667664,17.1112463876311,64.18835463032708
2026-04-11 13:35:01.531101,30.245046129184445,15.516641308513694,37.07562782224325,50.97598550606536
2026-04-11 14:18:16.125696,21.478281547286205,14.564377692100345,34.255444052772084,49.83299530839617
2026-04-11 15:01:30.720291,17.957693518182204,32.57496597545601,205.115760370031,61.181662492531714
2026-04-11 15:44:45.314885,17.216854132380483,30.936454698872478,111.68872457261294,57.08232660503173
2026-04-11 16:27:59.909480,28.030049756728197,29.758303925759986,159.29810583106408,50.593554004778525
2026-04-11 17:11:14.504074,18.597853237518585,82.50036644168293,28.830613219322625,56.25909048164188
2026-04-11 17:54:29.098669,33.77397090992182,29.963695987960488,98.04935749765662,49.939166921481345
2026-04-11 18:37:43.693263,14.59035296058139,31.75597809029048,84.8038762122536,60.463200178956924
2026-04-11 19:20:58.287858,33.48228184145019,70.7518609934371,178.87462741929176,60.15632619154055
2026-04-11 20:04:12.882453,26.05508733601309,45.9791873960432,236.53871012100743,57.39911322001415
2026-04-11 20:47:27.477047,24.516434440648037,72.1368445564145,1.2231269408971248,56.436248535908085
2026-04-11 21:30:42.071642,22.275404565955252,15.22929260515082,112.0919000889536,63.32201258810583
2026-04-11 22:13:56.666236,26.995680571760353,49.005695493870746,5.322758404622274,54.40191776628733
2026-04-11 22:57:11.260831,24.81182648787576,12.68908801466261,79.59746073698895,48.38083291351927
2026-04-11 23:40:25.855426,30.516509410082605,15.012256276428362,33.9161670569886,56.423611686226224
2026-04-12 00:23:40.450020,25.571138243310198,82.51499626755287,36.64029645294619,64.4918551532303
2026-04-12 01:06:55.044615,25.75150880730939,21.139629689407613,43.534484967911716,48.872557561565145
2026-04-12 01:50:09.639209,23.18193893893072,52.593654582017365,97.09910051382612,52.02315189256176
2026-04-12 02:33:24.233804,24.715271881394663,42.887648208056525,40.6540634782834,55.79620052858294
2026-04-12 03:16:38.828399,26.539008844460295,37.78746610070741,131.93801039927686,53.32736305141667
2026-04-12 03:59:53.422993,16.449158036716874,81.9866676549818,51.83998787738292,48.56771722505627
2026-04-12 04:43:08.017588,18.259072889471433,11.74587174203916,7.080150641358879,58.97032172657453
2026-04-12 05:26:22.612182,28.716320470113576,63.10317489404713,153.13656485833334,64.84250156493002
2026-04-12 06:09:37.206777,25.854327190639708,87.07155473708403,33.65338929517138,54.10370773743444
2026-04-12 06:52:51.801372,24.080083318236603,54.81345467694736,56.69849126609429,48.482967327437514
2026-04-12 07:36:06.395966,25.092169665326967,84.94579696264735,115.65927870318258,45.13828927745486
2026-04-12 08:19:20.990561,6.737908526808354,95.0,40.415020869049776,54.05229874989666
2026-04-12 09:02:35.585155,22.301201598453193,43.50346552593291,5.824970382389809,58.16069540974737
2026-04-12 09:45:50.179750,21.108476372988438,30.812623276964093,46.827879285214735,54.89561934632817
2026-04-12 10:29:04.774345,25.979226275488408,68.46567719845838,289.04462491680323,52.385834630383094
2026-04-12 11:12:19.368939,20.10813611192484,88.50376723977973,102.64806606711122,49.3291893898143
2026-04-12 11:55:33.963534,27.041263778572358,30.522404995539823,111.31549686950414,46.69206324386046
2026-04-12 12:38:48.558128,16.4870819788108,62.333968117925956,100.04393567361384,56.20363115189204
2026-04-12 13:22:03.152723,30.14577818662822,25.84781062077921,22.18845179287726,56.47540455725858
2026-04-12 14:05:17.747318,27.362987412065216,55.22642036572879,54.185864551089225,44.0542677781261
2026-04-12 14:48:32.341912,26.28014867156938,47.114598935066894,139.00606380986738,59.60819975659056
2026-04-12 15:31:46.936507,29.91345491972757,87.76042637052296,10.688712205436364,54.405186623432186
2026-04-12 16:15:01.531101,33.32737222231288,58.68218181571733,32.5526249643295,58.40838654497817
2026-04-12 16:58:16.125696,30.07185032509065,37.960509766945506,32.3404741308102,44.57513421039313
2026-04-12 17:41:30.720291,15.795628843341774,19.12766279103467,56.56671840459809,44.33180836417512
2026-04-12 18:24:45.314885,18.602115166321493,22.099746298794763,393.06321332796557,50.29105508948593
2026-04-12 19:07:59.909480,21.875907111521606,28.025354396098805,6.9888858496122985,53.42463236134239
2026-04-12 19:51:14.504074,25.13045525105417,30.07733290722384,73.12665687059473,59.76717883029152
2026-04-12 20:34:29.098669,27.588295102345615,78.04928462729103,19.76764606755113,54.19030950534188
2026-04-12 21:17:43.693263,21.371280934232672,54.897823062601994,352.93675852257735,49.32094435587041
2026-04-12 22:00:58.287858,5.933833822385392,5.0,12.02525251555425,45.27685595607767
2026-04-12 22:44:12.882453,21.22308533823339,19.181509749537398,51.68453767797387,56.43299144442694
2026-04-12 23:27:27.477047,21.942410985040258,78.8111754679548,133.8971882367708,45.33370326181685
2026-04-13 00:10:42.071642,17.96669451575889,67.8251442566787,121.92706487031559,58.173790095938976
2026-04-13 00:53:56.666236,20.38383376944548,15.413468952000127,54.94428230199097,48.483736029708496
2026-04-13 01:37:11.260831,18.24157697191833,66.62680777838149,42.54497289318204,57.732796523826984
2026-04-13 02:20:25.855426,20.120633735113337,53.483057387411684,50.68541514341259,53.04880432217824
2026-04-13 03:03:40.450020,10.268208983039198,5.0,30.690058827003934,48.84348685926466
2026-04-13 03:46:55.044615,20.253005555840286,46.664051322292515,22.98320428713375,46.805873492037286
2026-04-13 04:30:09.639209,38.161910324186955,48.775702970403756,65.97891918683801,47.57280149406375
2026-04-13 05:13:24.233804,27.466589504404446,23.26196321306206,31.27042059539351,51.293524217121096
2026-04-13 05:56:38.828399,25.92418061847437,85.65585176002259,33.89215646337138,49.41245729740557
2026-04-13 06:39:53.422993,20.708211099093933,77.99802971845295,106.9313899383184,45.93250584423147
2026-04-13 07:23:08.017588,28.501549397044958,63.521786986328664,345.8953569306316,47.94846770462728
2026-04-13 08:06:22.612182,22.12181086881113,46.98364488004857,92.54253269426673,49.044765348529914
2026-04-13 08:49:37.206777,25.610049073226808,42.941243326760684,8.010379885994508,37.883678481724544
2026-04-13 09:32:51.801372,37.800422691343975,62.07787737207633,7.859267448855108,50.693891296068
2026-04-13 10:16:06.395966,24.51970050137675,53.634549552552436,302.46096574324304,43.380399048774294
2026-04-13 10:59:20.990561,30.74636663142838,14.98184847055085,35.281211471835945,42.38856991593636
2026-04-13 11:42:35.585155,21.48411787437056,51.000211901626535,9.658467632080676,39.595028849769406
2026-04-13 12:25:50.179750,24.82505754751519,74.51228937862716,91.3905047758824,38.93911818128488
2026-04-13 13:09:04.774345,33.85400317817755,46.73919020775664,97.72324713005838,41.00850416122298
2026-04-13 13:52:19.368939,21.865164711061162,14.156526204341473,104.55592808231317,44.11814825220504
2026-04-13 14:35:33.963534,34.062242789984644,72.90225595072265,31.115819666956597,57.30742983009434
2026-04-13 15:18:48.558128,28.538759677277376,26.10910257087795,1.5226013884891114,44.79000592623549
2026-04-13 16:02:03.152723,22.18766612052866,30.689666791043102,335.2846441207963,48.18683332250234
2026-04-13 16:45:17.747318,28.162038695277605,23.17650827458367,28.88735095192658,49.179595727791934
2026-04-13 17:28:32.341912,29.86277224813365,36.4172051897198,112.70929024461608,47.712067377886434
2026-04-13 18:11:46.936507,28.10904981108598,70.5401204550908,122.63202244500762,46.54954250030221
2026-04-13 18:55:01.531101,17.148876400547717,51.550868760314984,94.16275581918198,40.8407940330807
2026-04-13 19:38:16.125696,21.364314120875658,26.390501932057006,37.52861984840892,53.952907237387706
2026-04-13 20:21:30.720291,23.762406822242475,80.22640625216327,31.621359103256598,55.61578178493275
2026-04-13 21:04:45.314885,24.62783285449977,80.36654839612234,91.04783632203589,38.0485753381232
2026-04-13 21:47:59.909480,28.103360487753392,79.64627400368056,201.06294174939902,41.22435592731592
2026-04-13 22:31:14.504074,25.888505004666268,29.10369691052314,293.2451960942563,44.82865564508729
2026-04-13 23:14:29.098669,18.323278206449494,46.099147534479044,11.194414515742714,41.288823739535175
2026-04-13 23:57:43.693263,26.900989255029817,88.79917249127001,16.821584686309702,48.52576110560129
2026-04-14 00:40:58.287858,28.052928726419115,71.76099810479923,289.5638259698919,42.23962650552702
2026-04-14 01:24:12.882453,27.7989522396552,12.173393698044785,133.38356138087227,56.591973778467676
2026-04-14 02:07:27.477047,30.403903627773108,15.216367300839364,214.5528566344447,51.60581216017404
2026-04-14 02:50:42.071642,29.16961077274452,47.114510144986625,22.643977054999205,46.603002896310315
2026-04-14 03:33:56.666236,27.295900396142184,82.73761646892481,88.57272672647089,50.562833289807884
2026-04-14 04:17:11.260831,24.649171442706766,53.09614383621714,120.77786855710812,50.84589675845994
2026-04-14 05:00:25.855426,16.69519533242004,49.82500064274322,113.97839863491777,42.3858909368207
2026-04-14 05:43:40.450020,27.148091095662927,18.437895996530447,52.45049115039434,41.01453449812598
2026-04-14 06:26:55.044615,26.038438435815557,62.542408377943524,1.5514623464414974,45.37710438897219
2026-04-14 07:10:09.639209,26.357894185976868,75.76825284801804,87.44917510906713,49.18613134295859
2026-04-14 07:53:24.233804,18.616257120898453,40.43360060060499,29.182603237851453,45.46562481110908
2026-04-14 08:36:38.828399,39.59471729795869,95.0,59.82993733477004,36.7785399850238
2026-04-14 09:19:53.422993,30.26576426666452,87.15813231206494,316.01592595005434,40.543444133929995
2026-04-14 10:03:08.017588,24.802224230716725,26.301316730215127,50.921911096971215,44.08260713818695
2026-04-14 10:46:22.612182,28.40750348686312,51.866370495579304,183.13422735144417,43.96992631071692
2026-04-14 11:29:37.206777,25.141591880652307,32.971036646766045,20.892093117129654,54.10764235625015
2026-04-14 12:12:51.801372,25.148780697478728,73.42835352270714,111.61466144629726,37.21257951258662
2026-04-14 12:56:06.395966,29.691419029879988,56.2074692704926,377.25634756856647,46.56898000284041
2026-04-14 13:39:20.990561,22.41977635891313,60.7665934040243,10.746617642062763,51.386056779005976
2026-04-14 14:22:35.585155,25.480603884704916,73.83313276927153,0.8354746125244857,55.198156191442195
2026-04-14 15:05:50.179750,22.688623556474788,41.677637812996394,56.84243568250689,41.72031111556214
2026-04-14 15:49:04.774345,22.82751886283842,83.20720547256346,9.719999573861,46.101826405157176
2026-04-14 16:32:19.368939,23.454139382656802,52.6423093796912,137.98525528957612,46.396867426606306
2026-04-14 17:15:33.963534,26.110668858168566,22.63638582682784,245.9808232896316,44.42988167336912
2026-04-14 17:58:48.558128,22.606256891682612,65.67192945350419,56.91982557212377,42.86369038574734
2026-04-14 18:42:03.152723,31.278780627867604,73.46090803506036,29.936558249531924,45.44428767863157
2026-04-14 19:25:17.747318,20.52696348890248,35.34093416540213,56.98740325333455,30.51074040226969
2026-04-14 20:08:32.341912,24.065641779193204,78.57434055990024,128.53557519560596,46.490958760537694
2026-04-14 20:51:46.936507,22.801344708629124,82.4914603812613,0.909539960722861,43.62123615063387
2026-04-14 21:35:01.531101,32.23488942176866,32.15235899022471,89.0267272289478,41.78881659316439
2026-04-14 22:18:16.125696,25.982773882557872,88.68171781721776,95.00845778521457,53.047469729912414
2026-04-14 23:01:30.720291,30.159222697343175,21.256922243900675,101.52502413531678,39.35159349031676
2026-04-14 23:44:45.314885,17.57219813481514,26.1612534721992,27.71010230264016,40.625139379833826
2026-04-15 00:27:59.909480,26.335251329346296,24.73798713904209,125.19478326323366,52.51370605213949
2026-04-15 01:11:14.504074,29.448153978117183,81.51917680062964,9.5840955605836,38.31223109077118
2026-04-15 01:54:29.098669,25.41141994637712,62.343404185996945,22.22318875893984,39.639750328700636
2026-04-15 02:37:43.693263,30.327401875326757,22.168342657781828,209.9399761780521,41.5741928171026
2026-04-15 03:20:58.287858,2.413557749498139,95.0,134.21747086453294,46.43320241582487
2026-04-15 04:04:12.882453,32.0467372009279,59.22384200558416,1.3840898858926483,43.189982117902524
2026-04-15 04:47:27.477047,36.49449061809625,16.677126799150663,28.55194264836808,35.61052435682185
2026-04-15 05:30:42.071642,23.185807197801704,80.5933094725871,24.131577425847265,39.336743957823735
2026-04-15 06:13:56.666236,22.77248739299614,74.28828283532282,31.58159142692778,38.886016493200884
2026-04-15 06:57:11.260831,32.2669223855885,50.41654188613106,28.443371445712245,41.463163359022154
2026-04-15 07:40:25.855426,32.89786072865356,87.37012922073363,6.45665703233147,43.90625647716106
2026-04-15 08:23:40.450020,22.385699864233658,43.420878342007974,61.422605534213545,43.79713766418904
2026-04-15 09:06:55.044615,42.89906591452071,95.0,131.95088966992705,32.756433140100235
2026-04-15 09:50:09.639209,23.591076955697464,63.43359990429016,93.32632656949174,46.88790321394206
2026-04-15 10:33:24.233804,18.277747444828613,60.77370186031531,111.7402734303147,42.76408301807626
2026-04-15 11:16:38.828399,20.40674026757901,23.2763916236628,8.463149682819497,48.35828427903608
2026-04-15 11:59:53.422993,19.97929616623966,80.55422066437151,302.5999956634014,43.59235605359406
2026-04-15 12:43:08.017588,21.161012174479357,44.19917503364921,182.31995731582893,46.81508487265883
2026-04-15 13:26:22.612182,24.826575563066093,22.978672462598347,163.52189994881977,43.57967755047251
2026-04-15 14:09:37.206777,26.171073662682602,11.008601598060723,173.1514053654731,47.917945659915674
2026-04-15 14:52:51.801372,32.75250246407038,54.7804546910706,269.8751193196384,43.73933043600286
2026-04-15 15:36:06.395966,20.008229796306047,52.19196976981411,78.58195678500353,40.58116518628981
2026-04-15 16:19:20.990561,29.921611992382918,67.54828978953269,22.349613579934704,52.376992041035734
2026-04-15 17:02:35.585155,23.930055778872454,81.22064424142417,95.91554567975783,45.40550277677931
2026-04-15 17:45:50.179750,24.752681451737836,16.352526771442363,135.82181862348355,43.77596832688318
2026-04-15 18:29:04.774345,28.37409746083302,68.51971922722899,133.90955323734005,34.474091922856665
2026-04-15 19:12:19.368939,19.386389892188507,24.99295552780658,73.69925411967152,34.36389059878026
2026-04-15 19:55:33.963534,26.912048730920255,78.65416425257311,7.091477358703707,42.22027561493619
2026-04-15 20:38:48.558128,25.83226104106528,75.52508110893248,46.38035907562944,41.437036259297585
2026-04-15 21:22:03.152723,27.462256320040744,53.26350039884355,253.53574587032662,37.59301953884996
2026-04-15 22:05:17.747318,26.44584321953909,66.81942388986492,87.81497113730818,41.324225229098644
2026-04-15 22:48:32.341912,37.276500699554475,35.14800905469987,77.29091380348862,48.519610024874794
2026-04-15 23:31:46.936507,21.81130007874342,47.69343191462517,31.314144858586385,44.012142475402975
2026-04-16 00:15:01.531101,22.345015224990913,75.73095181683773,45.95764535531472,34.79023987823519
2026-04-16 00:58:16.125696,21.88429736787618,46.741215773857114,225.70964600590057,39.899394526997796
2026-04-16 01:41:30.720291,22.222614404198726,38.623861226035345,109.80016177460652,36.39527247258231
2026-04-16 02:24:45.314885,21.81306436346741,49.53699578002399,154.82817930749604,38.44628731548594
2026-04-16 03:07:59.909480,30.94508265553776,76.25994019497747,60.57691464212985,38.2829119849044
2026-04-16 03:51:14.504074,32.102521239949276,36.81664378966982,99.49206573550218,37.93049255795879
2026-04-16 04:34:29.098669,22.14626853125262,23.900927450859506,28.552920319633817,34.01230561742926
2026-04-16 05:17:43.693263,20.838222134478855,66.96112162646246,122.23432806039843,39.62050778802169
2026-04-16 06:00:58.287858,27.35707778193202,76.07825701664655,55.79195613223623,37.42808306214853
2026-04-16 06:44:12.882453,22.238884778595143,18.050998281882666,58.437441990397524,25.5577635561775
2026-04-16 07:27:27.477047,28.164659088777555,29.189929020475578,104.78877810532038,50.44530272953325
2026-04-16 08:10:42.071642,26.0146151042565,21.357759180879512,275.32665471097386,45.60128020674968
2026-04-16 08:53:56.666236,37.421279425013836,95.0,6.614658309229908,38.25447500841787
2026-04-16 09:37:11.260831,32.737526006650306,46.02807831243301,174.15031652071517,40.210181342368266
2026-04-16 10:20:25.855426,33.97938836547761,69.90610695706451,34.58524481461356,34.239485728500206
2026-04-16 11:03:40.450020,21.93605654757807,62.09180679053393,58.684212922789634,48.55961003646556
2026-04-16 11:46:55.044615,23.061492200320078,59.67428539827449,2.2156991989469392,49.55224676668745
2026-04-16 12:30:09.639209,26.429326953624525,38.18999572877235,35.81704585696388,40.83565144640677
2026-04-16 13:13:24.233804,26.672283949935125,77.3158042467808,69.84235614676292,45.157789560535676
2026-04-16 13:56:38.828399,28.29272136336415,47.70297339185316,5.7815652847955,40.90609969688272
2026-04-16 14:39:53.422993,35.05102269383175,88.32839504121236,67.54953535639746,33.33714565533791
2026-04-16 15:23:08.017588,24.11526386252975,60.73137106365895,261.8812451124578,37.95434204441715
2026-04-16 16:06:22.612182,21.00851377730773,20.101179325160217,11.137100709082457,40.66736491189899
2026-04-16 16:49:37.206777,18.103403859927365,64.09420496603472,144.57927117388013,37.730833729660475
2026-04-16 17:32:51.801372,21.345349800290403,36.00832123453592,52.707536079732506,38.90773489515733
2026-04-16 18:16:06.395966,24.834365135631014,64.9061757348878,106.47145091201232,39.54301457416845
2026-04-16 18:59:20.990561,33.97278931758894,15.57129185299246,30.14248709145652,39.596213228669754
2026-04-16 19:42:35.585155,42.41194350481914,95.0,17.37491203951833,40.26407370978353
2026-04-16 20:25:50.179750,26.118939758194493,78.4589807124629,17.490427012821893,34.70351330339719
2026-04-16 21:09:04.774345,24.91788551963624,28.17436456188119,7.309980660067168,36.42679651208763
2026-04-16 21:52:19.368939,30.94196636724042,76.9632900194352,20.53609836776891,33.59587495111869
2026-04-16 22:35:33.963534,37.63466212936811,32.34208707635283,109.12972637863321,44.91637235470267
2026-04-16 23:18:48.558128,22.345656135398396,61.43055280469661,213.44521522581948,29.50913618381283
2026-04-17 00:02:03.152723,22.55280278740889,65.53204588078648,168.26845626614076,45.81697526208196
2026-04-17 00:45:17.747318,30.22080438534536,51.012380251604235,115.56091116364571,46.993997706259975
2026-04-17 01:28:32.341912,28.40945744813156,34.4248541357385,11.701917381063149,38.56614738853876
2026-04-17 02:11:46.936507,34.23353662868017,27.01155010968769,34.13465214844297,27.077734575169185
2026-04-17 02:55:01.531101,27.919640926629818,12.655148364994098,37.078382971596355,38.304804392529185
2026-04-17 03:38:16.125696,23.203539546064704,34.31571209925791,28.76246692962019,39.809938243024305
2026-04-17 04:21:30.720291,27.953274153461546,62.25302324250264,72.36180576173268,35.09893137023335
2026-04-17 05:04:45.314885,30.543517902914537,85.06438547587861,76.69095829398441,37.5984521617325
2026-04-17 05:47:59.909480,29.102410905986822,79.69635858104417,44.14332379172578,47.84969644709499
2026-04-17 06:31:14.504074,27.53637015553649,71.28518212282421,43.66294487848321,43.54908342203184
2026-04-17 07:14:29.098669,30.333373447945768,73.0757874602639,176.34962509770875,35.62890096136415
2026-04-17 07:57:43.693263,30.846477952228362,63.19879227807962,155.72860162690782,32.2925420575005
2026-04-17 08:40:58.287858,31.910794955187637,30.82294860528024,36.787432595670374,38.67580557958964
2026-04-17 09:24:12.882453,28.243549437948214,82.57560245646638,245.09510485028332,39.275495620094254
2026-04-17 10:07:27.477047,24.164409598415727,63.658584952466725,305.3679593846005,42.857190844450244
2026-04-17 10:50:42.071642,25.733568432166614,54.8352504784352,39.562746978779025,37.7345494899152
2026-04-17 11:33:56.666236,31.032544832541785,18.879157537078484,43.76138071241865,43.005086300826434
2026-04-17 12:17:11.260831,20.91532164506382,45.764443504514034,70.44794557708602,50.161325453469374
2026-04-17 13:00:25.855426,46.84336654436451,5.0,283.2267604481353,44.60253264501701
2026-04-17 13:43:40.450020,23.033305938363196,79.16508876181359,209.0053110892787,40.32555648063032
2026-04-17 14:26:55.044615,25.143724114674086,53.731857615023074,10.821788581405427,39.69271086853584
2026-04-17 15:10:09.639209,31.392259313036494,40.43204391763277,49.87830002340476,38.86904776242913
2026-04-17 15:53:24.233804,25.955495340099517,88.14402628085274,80.60274314681737,46.60104725397468
2026-04-17 16:36:38.828399,25.232182740780743,18.857647466105256,69.94318327840682,37.608176581026704
2026-04-17 17:19:53.422993,18.200719295100406,43.80387426495557,21.550166000817743,41.01922291447127
2026-04-17 18:03:08.017588,28.731267830136105,13.361974013712423,195.7696736955853,41.098921224403725
2026-04-17 18:46:22.612182,28.227420905705376,69.19232966135442,112.99196381880567,38.38528200002198
2026-04-17 19:29:37.206777,35.8162736165273,83.44612417593206,181.95935162994408,34.08458726475352
2026-04-17 20:12:51.801372,23.461108825234994,32.40298636403915,195.7325006805428,42.615932012855154
2026-04-17 20:56:06.395966,26.095751638319694,78.66733414392966,137.97393071697513,40.751608009412806
2026-04-17 21:39:20.990561,26.246918418553776,33.37745843695182,57.84098472380772,43.61481368065929
2026-04-17 22:22:35.585155,32.887266398817374,82.86161293151322,94.30114594270498,38.50399934055797
2026-04-17 23:05:50.179750,24.523522338065238,70.31695228774271,17.47884890733034,47.335893741733706
2026-04-17 23:49:04.774345,26.395107628851697,74.39254214731508,111.97708122495568,36.9090920922895
2026-04-18 00:32:19.368939,28.039482548582697,11.44052444803636,19.754068939390216,49.91571386549081
2026-04-18 01:15:33.963534,25.93304561578179,87.02482856592208,118.40054537024763,32.68124914230181
2026-04-18 01:58:48.558128,22.767831927247357,68.13367936562585,26.084303111006463,43.65855894545133
2026-04-18 02:42:03.152723,25.97044996449154,34.380087630890664,12.505462234616282,43.928486323074935
2026-04-18 03:25:17.747318,30.36815874929886,76.35157318870776,18.06643189430485,37.64150867324332
2026-04-18 04:08:32.341912,19.8674235029447,32.521695873194396,0.1994122159710626,43.81055086614811
2026-04-18 04:51:46.936507,25.66484837073438,79.82030716529023,126.8474411846264,48.15677678776714
2026-04-18 05:35:01.531101,21.499395925304135,19.00643123295496,131.82658709838014,30.74699543130062
2026-04-18 06:18:16.125696,30.975233144624212,66.29487819686366,72.34689746270512,44.41801240404663
2026-04-18 07:01:30.720291,17.384065476081126,53.25587813159282,17.597708684075492,29.512413970799166
2026-04-18 07:44:45.314885,22.205390763642058,17.722757615635267,8.72525015240209,37.22619294325951
2026-04-18 08:27:59.909480,26.886059375322603,29.35150626070712,1.9314292317149664,50.27735487078882
2026-04-18 09:11:14.504074,32.827620146171704,10.992322902185183,18.121997611506792,39.30086397720481
2026-04-18 09:54:29.098669,24.67124869463506,47.50143723716047,221.50829071496347,36.41985805096788
2026-04-18 10:37:43.693263,22.22400236653401,34.10122086080003,27.646105316183544,41.380273011361304
2026-04-18 11:20:58.287858,34.40578534720295,57.868598743820705,43.73758746010938,52.79140441520977
2026-04-18 12:04:12.882453,17.75993049791878,33.77902461668938,11.131765141096672,33.37656688068934
2026-04-18 12:47:27.477047,-5.994029783100409,5.0,25.149326466168304,37.36271512547988
2026-04-18 13:30:42.071642,27.20007225026666,69.45545589852827,73.23550010191644,50.19187750467623
2026-04-18 14:13:56.666236,22.489728878236946,13.851426878268276,93.58627276617398,52.079839528442804
2026-04-18 14:57:11.260831,19.893835914346433,82.23159961535897,28.150427992378695,42.36192102423832
2026-04-18 15:40:25.855426,28.541782236496765,78.18110995129452,5.946571278768154,36.77268969655994
2026-04-18 16:23:40.450020,26.219003568855996,63.42437465811252,49.59909850233758,53.537159447638565
2026-04-18 17:06:55.044615,42.17960684631636,95.0,26.683864178505583,51.121241053908165
2026-04-18 17:50:09.639209,18.59847800664553,81.38419985117218,24.788962947202297,46.63593520518437
2026-04-18 18:33:24.233804,29.362286641400722,24.826414362297157,321.5451761506007,39.27242912348917
2026-04-18 19:16:38.828399,28.251005889793305,16.31753297526629,95.78955481509968,43.183589443117924
2026-04-18 19:59:53.422993,24.504120681103085,29.16081359276305,81.39111519309452,42.72227077840189
2026-04-18 20:43:08.017588,34.23318498023833,73.56626229601522,53.74692735779752,45.274687415546765
2026-04-18 21:26:22.612182,19.649576168369236,12.773621338118666,56.026858446347205,50.972807217700236
2026-04-18 22:09:37.206777,17.372374145376305,56.62454680667917,77.84981270198163,48.213248386524846
2026-04-18 22:52:51.801372,21.540459650593778,89.63500129530479,119.21424169238051,38.52862440513402
2026-04-18 23:36:06.395966,24.77206991822251,78.45568750700315,121.11521683350459,50.89829138618841
2026-04-19 00:19:20.990561,26.21669724661346,51.71565512348715,18.83725162262277,45.68272104805772
2026-04-19 01:02:35.585155,23.79381971071835,15.091272742931388,69.33727101430839,47.65457138429086
2026-04-19 01:45:50.179750,26.760276982571483,76.50988115085678,53.09570666740723,51.65504343544593
2026-04-19 02:29:04.774345,18.74230287904778,57.91828065417684,204.42826532666186,38.86843298981581
2026-04-19 03:12:19.368939,32.2188230203663,19.19463976476535,99.80945677237099,44.3520833515314
2026-04-19 03:55:33.963534,24.589244108037157,17.508582785868498,76.0364628507229,41.97968081083009
2026-04-19 04:38:48.558128,30.586479157940637,82.7701455549274,12.261365679360686,36.904247346859506
2026-04-19 05:22:03.152723,26.71362673188852,63.536021035046275,93.04857291327357,46.58451698561645
2026-04-19 06:05:17.747318,27.283766095768918,76.34294394534044,12.466102880534773,57.51698720000886
2026-04-19 06:48:32.341912,27.84883640116102,80.31831202258138,41.12919143687304,35.86785065847648
2026-04-19 07:31:46.936507,27.238542800086574,55.74178816386578,15.413297226742525,45.01665160673216
2026-04-19 08:15:01.531101,28.21361379933772,51.3957081404033,117.78946383162885,48.49134758454369
2026-04-19 08:58:16.125696,31.645762650662157,44.43419282567922,23.09893918794464,46.015347634294784
2026-04-19 09:41:30.720291,25.98260584850735,35.355727023289546,49.73491296616848,44.94636793541667
2026-04-19 10:24:45.314885,28.54501878794256,44.76767686869694,226.024212088713,39.128688078201826
2026-04-19 11:07:59.909480,24.551321528563868,71.91037245841251,22.855363873015357,46.90215759097646
2026-04-19 11:51:14.504074,32.200586077247365,58.15387448121052,70.88804294949689,42.068532303866284
2026-04-19 12:34:29.098669,21.61803848970365,81.4018631963877,54.34722066342405,35.01752825026741
2026-04-19 13:17:43.693263,34.004702164554075,45.47040115033502,1.8290293316565152,52.05552057536466
2026-04-19 14:00:58.287858,24.799210246778284,58.56716629750032,157.38686344559244,50.990531117974236
2026-04-19 14:44:12.882453,17.84612448940976,60.5046042473591,7.1545311529372,46.573550936152884
2026-04-19 15:27:27.477047,25.640522074553946,57.33577298450604,64.29390145675242,47.577846556886186
2026-04-19 16:10:42.071642,21.594741712625595,66.2107018468413,82.25233209326528,51.92185472563188
2026-04-19 16:53:56.666236,29.203217744943622,28.994677469984502,99.00084710640918,47.79030033646983
2026-04-19 17:37:11.260831,21.736880103488044,50.98910220366325,116.67785960571895,51.30755433696513
2026-04-19 18:20:25.855426,22.769082833926102,18.337984224667814,29.20547969219945,45.41942838174205
2026-04-19 19:03:40.450020,15.552296345272346,40.760906211585,1.0028898364548042,53.586620326198
2026-04-19 19:46:55.044615,22.738468403754617,49.01336548970115,128.53407259893984,48.75096296892291
2026-04-19 20:30:09.639209,12.880603366855217,62.1779407636378,76.71309128726944,48.2380781819447
2026-04-19 21:13:24.233804,17.080485882571384,86.04248420689628,180.86068113128852,41.03872945231894
2026-04-19 21:56:38.828399,28.802073280721487,58.05208532386847,172.2541455331446,48.94544372683962
2026-04-19 22:39:53.422993,28.92900079325416,69.48751329412478,185.3589136467921,43.47291330961093
2026-04-19 23:23:08.017588,27.127287808924823,50.50128475961622,66.37722009982694,44.56367228098179
2026-04-20 00:06:22.612182,20.165119284353935,60.72832251010651,40.59077998369884,43.80096099659429
2026-04-20 00:49:37.206777,24.7614432192901,15.674577290701874,156.80954258319292,42.669753488255814
2026-04-20 01:32:51.801372,24.981987304547157,30.35132646734776,60.019270603227056,58.74819048132642
2026-04-20 02:16:06.395966,19.208176554037287,38.948247456411096,20.2657574715429,54.90473087742331
2026-04-20 02:59:20.990561,32.51699150883575,47.799468400521086,193.08423771734564,57.97385238907036
2026-04-20 03:42:35.585155,29.386811452878355,13.651899640190699,214.1826664834698,42.3817766840828
2026-04-20 04:25:50.179750,23.89517913085168,21.201927804265416,62.79396760045075,48.97699536982792
2026-04-20 05:09:04.774345,25.134429194972654,32.14514462330446,7.871828968795786,42.27788157217655
2026-04-20 05:52:19.368939,26.04191403973776,87.72261527208406,49.073887003514955,45.39183689972394
2026-04-20 06:35:33.963534,14.791325657878547,36.50776056824406,162.72845172494382,44.40474670439543
2026-04-20 07:18:48.558128,23.764113087397014,48.5632846489666,232.0484623499767,55.31853094809719
2026-04-20 08:02:03.152723,21.590078760011007,25.687817019071435,22.74939286200851,47.264830963667166
2026-04-20 08:45:17.747318,19.991899950525422,58.862405686061464,6.9321795603634735,54.71336376802525
2026-04-20 09:28:32.341912,23.594498535570224,32.45465724127794,209.84242028041427,52.5176587443089
2026-04-20 10:11:46.936507,33.988432634247616,26.559406275074142,49.332128744462594,61.14091483373676
2026-04-20 10:55:01.531101,28.20421430633505,51.32581027567832,78.03643189371356,42.3512264304076
2026-04-20 11:38:16.125696,22.144105051086015,10.440463932833666,344.40781205292114,56.170380020546574
2026-04-20 12:21:30.720291,27.862913906780793,10.613122611938026,6.888365735912734,55.732204352003635
